country,company,wiki_url
Africa,All Joy Foods,https://en.wikipedia.org/wiki/All_Joy_Foods
Africa,Bakers,https://en.wikipedia.org/wiki/Bakers_(bakery)
Africa,BOS Ice Tea,https://en.wikipedia.org/wiki/BOS_Ice_Tea
Africa,Cevital,https://en.wikipedia.org/wiki/Cevital
Africa,Choppies,https://en.wikipedia.org/wiki/Choppies
Africa,Clover,https://en.wikipedia.org/wiki/Clover_Industries
Africa,Colcom Foods,https://en.wikipedia.org/wiki/Colcom_Foods
Africa,Distell Group Limited,https://en.wikipedia.org/wiki/Distell_Group_Limited
Africa,Famous Brands,https://en.wikipedia.org/wiki/Famous_Brands
Africa,Golden Web,https://en.wikipedia.org/wiki/Golden_Web_(company)
Africa,Kenya Wine Agencies Limited,https://en.wikipedia.org/wiki/Kenya_Wine_Agencies_Limited
Africa,Les Domaines Agricoles,https://en.wikipedia.org/wiki/Les_Domaines_Agricoles
Africa,Meat Corporation of Namibia,https://en.wikipedia.org/wiki/Meat_Corporation_of_Namibia
Africa,Melcom,https://en.wikipedia.org/wiki/Melcom
Africa,Nile Breweries Limited,https://en.wikipedia.org/wiki/Nile_Breweries_Limited
Africa,Pioneer Foods,https://en.wikipedia.org/wiki/Pioneer_Foods
Africa,SOMED,https://en.wikipedia.org/wiki/SOMED
Africa,Spur Corporation,https://en.wikipedia.org/wiki/Spur_Corporation
Africa,Tiger Brands,https://en.wikipedia.org/wiki/Tiger_Brands
Africa,Tilda Uganda,https://en.wikipedia.org/wiki/Tilda_Uganda
Africa,Tongaat Hulett,https://en.wikipedia.org/wiki/Tongaat_Hulett
Argentina,Grupo Arcor,https://en.wikipedia.org/wiki/Grupo_Arcor
Argentina,Havanna,https://en.wikipedia.org/wiki/Havanna_(Argentine_company)
Argentina,La Serenísima,https://en.wikipedia.org/wiki/La_Seren%C3%ADsima
Argentina,Molinos Río de la Plata,https://en.wikipedia.org/wiki/Molinos_R%C3%ADo_de_la_Plata
Argentina,SanCor,https://en.wikipedia.org/wiki/SanCor
Australia,The a2 Milk Company,https://en.wikipedia.org/wiki/The_a2_Milk_Company
Australia,Arnott's Group,https://en.wikipedia.org/wiki/Arnott%27s_Group
Australia,Baiada Poultry,https://en.wikipedia.org/wiki/Baiada_Poultry
Australia,Bakers Delight,https://en.wikipedia.org/wiki/Bakers_Delight
Australia,Balfours,https://en.wikipedia.org/wiki/Balfours
Australia,Baskin-Robbins Australia,https://en.wikipedia.org/wiki/Baskin-Robbins_Australia
Australia,Beerenberg Farm,https://en.wikipedia.org/wiki/Beerenberg_Farm
Australia,Bega Cheese,https://en.wikipedia.org/wiki/Bega_Cheese
Australia,Bellamy's Australia,https://en.wikipedia.org/wiki/Bellamy%27s_Australia
Australia,Bickford's Australia,https://en.wikipedia.org/wiki/Bickford%27s_Australia
Australia,Boost Juice,https://en.wikipedia.org/wiki/Boost_Juice
Australia,Breadtop,https://en.wikipedia.org/wiki/Breadtop
Australia,Brooklyn Boy Bagels,https://en.wikipedia.org/wiki/Brooklyn_Boy_Bagels
Australia,Bulla Dairy Foods,https://en.wikipedia.org/wiki/Bulla_Dairy_Foods
Australia,Bundaberg Brewed Drinks,https://en.wikipedia.org/wiki/Bundaberg_Brewed_Drinks
Australia,Camperdown Dairy International,https://en.wikipedia.org/wiki/Camperdown_Dairy_International
Australia,Canberra Milk,https://en.wikipedia.org/wiki/Canberra_Milk
Australia,Darrell Lea,https://en.wikipedia.org/wiki/Darrell_Lea
Australia,Dick Smith Foods,https://en.wikipedia.org/wiki/Dick_Smith_Foods
Australia,Ernest Hillier Chocolates,https://en.wikipedia.org/wiki/Ernest_Hillier_Chocolates
Australia,Ferguson Plarre Bakehouses,https://en.wikipedia.org/wiki/Ferguson_Plarre_Bakehouses
Australia,Frosty Boy,https://en.wikipedia.org/wiki/Frosty_Boy
Australia,Haigh's Chocolates,https://en.wikipedia.org/wiki/Haigh%27s_Chocolates
Australia,Huon Aquaculture,https://en.wikipedia.org/wiki/Huon_Aquaculture
Australia,Inghams Enterprises,https://en.wikipedia.org/wiki/Inghams_Enterprises
Australia,Isis Central Sugar Mill,https://en.wikipedia.org/wiki/Isis_Central_Sugar_Mill
Australia,Lion Dairy & Drinks,https://en.wikipedia.org/wiki/Lion_Dairy_%26_Drinks
Australia,Mrs Mac's Pies,https://en.wikipedia.org/wiki/Mrs_Mac%27s_Pies
Australia,Murray Goulburn Co-operative,https://en.wikipedia.org/wiki/Murray_Goulburn_Co-operative
Australia,Norco Co-operative,https://en.wikipedia.org/wiki/Norco_Co-operative
Australia,Nuttelex,https://en.wikipedia.org/wiki/Nuttelex
Australia,Patties Foods,https://en.wikipedia.org/wiki/Patties_Foods
Australia,Retail Food Group,https://en.wikipedia.org/wiki/Retail_Food_Group
Australia,San Remo Macaroni Company,https://en.wikipedia.org/wiki/San_Remo_Macaroni_Company
Australia,Sanitarium,https://en.wikipedia.org/wiki/Sanitarium_Health_Food_Company
Australia,Schweppes Australia,https://en.wikipedia.org/wiki/Schweppes_Australia
Australia,Snack Brands Australia,https://en.wikipedia.org/wiki/Snack_Brands_Australia
Australia,So Natural,https://en.wikipedia.org/wiki/So_Natural_(brand)
Australia,Sustagen,https://en.wikipedia.org/wiki/Sustagen
Australia,Tassal,https://en.wikipedia.org/wiki/Tassal
Australia,Thomas Foods International,https://en.wikipedia.org/wiki/Thomas_Foods_International
Australia,Three Threes Condiments,https://en.wikipedia.org/wiki/Three_Threes_Condiments
Australia,Warrnambool Cheese and Butter,https://en.wikipedia.org/wiki/Warrnambool_Cheese_and_Butter
Australia,Weis,https://en.wikipedia.org/wiki/Weis_(frozen_foods_company)
Australia,Wendy's Supa Sundaes,https://en.wikipedia.org/wiki/Wendy%27s_Supa_Sundaes
Australia,Wesfarmers,https://en.wikipedia.org/wiki/Wesfarmers
Austria,Agrana,https://en.wikipedia.org/wiki/Agrana
Austria,Brauerei Ottakringer,https://en.wikipedia.org/wiki/Brauerei_Ottakringer
Austria,Do & Co,https://en.wikipedia.org/wiki/Do_%26_Co
Austria,Julius Meinl,https://en.wikipedia.org/wiki/Julius_Meinl
Austria,Manner,https://en.wikipedia.org/wiki/Manner_(confectionery)
Austria,Pez,https://en.wikipedia.org/wiki/Pez
Austria,Rauch,https://en.wikipedia.org/wiki/Rauch_(company)
Austria,Red Bull GmbH,https://en.wikipedia.org/wiki/Red_Bull_GmbH
Azerbaijan,Bahra Biscuit Factory,https://en.wikipedia.org/wiki/Bahra_Biscuit_Factory
Azerbaijan,Shollar water,https://en.wikipedia.org/wiki/Shollar_water
Azerbaijan,Vinagro,https://en.wikipedia.org/wiki/Vinagro
Bangladesh,Kazi Farms Group,https://en.wikipedia.org/wiki/Kazi_Farms_Group
Bangladesh,Meghna Group of Industries,https://en.wikipedia.org/wiki/Meghna_Group_of_Industries
Bangladesh,PRAN-RFL Group,https://en.wikipedia.org/wiki/PRAN-RFL_Group
Belgium,Anheuser-Busch InBev,https://en.wikipedia.org/wiki/Anheuser-Busch_InBev
Belgium,Cavalier Chocolate,https://en.wikipedia.org/wiki/Cavalier_Chocolate
Belgium,Confiserie Roodthooft,https://en.wikipedia.org/wiki/Confiserie_Roodthooft
Belgium,Delhaize Group,https://en.wikipedia.org/wiki/Delhaize_Group
Belgium,Duc d'O,https://en.wikipedia.org/wiki/Duc_d%27O
Belgium,Glacio,https://en.wikipedia.org/wiki/Glacio
Belgium,John Martin Brewery,https://en.wikipedia.org/wiki/John_Martin_Brewery
Belgium,Jules Destrooper,https://en.wikipedia.org/wiki/Jules_Destrooper
Belgium,Le Pain Quotidien,https://en.wikipedia.org/wiki/Le_Pain_Quotidien
Belgium,Leonidas,https://en.wikipedia.org/wiki/Leonidas_(chocolate_maker)
Belgium,Lotus Bakeries,https://en.wikipedia.org/wiki/Lotus_Bakeries
Belgium,Meurens,https://en.wikipedia.org/wiki/Meurens
Belgium,Neuhaus,https://en.wikipedia.org/wiki/Neuhaus_(chocolatier)
Belgium,Vanparys,https://en.wikipedia.org/wiki/Vanparys
Belgium,Ysco,https://en.wikipedia.org/wiki/Ysco
Brazil,Brazilian Fast Food Corporation,https://en.wikipedia.org/wiki/Brazilian_Fast_Food_Corporation
Brazil,BRF S.A.,https://en.wikipedia.org/wiki/BRF_S.A.
Brazil,Garoto,https://en.wikipedia.org/wiki/Garoto
Brazil,Grupo Petrópolis,https://en.wikipedia.org/wiki/Grupo_Petr%C3%B3polis
Brazil,International Meal Company,https://en.wikipedia.org/wiki/International_Meal_Company
Brazil,JBS S.A.,https://en.wikipedia.org/wiki/JBS_S.A.
Brazil,Marfrig,https://en.wikipedia.org/wiki/Marfrig
Brazil,Pastifício Selmi,https://en.wikipedia.org/wiki/Pastif%C3%ADcio_Selmi
Brazil,Vigor S.A.,https://en.wikipedia.org/wiki/Vigor_S.A.
Bulgaria,Vitta Foods,https://en.wikipedia.org/wiki/Vitta_Foods
Canada,Agropur,https://en.wikipedia.org/wiki/Agropur
Canada,Bothwell Cheese,https://en.wikipedia.org/wiki/Bothwell_Cheese
Canada,Canyon Creek Food Company,https://en.wikipedia.org/wiki/Canyon_Creek_Food_Company
Canada,Chapman's,https://en.wikipedia.org/wiki/Chapman%27s
Canada,Cott,https://en.wikipedia.org/wiki/Cott
Canada,Daiya,https://en.wikipedia.org/wiki/Daiya
Canada,Dan-D Foods,https://en.wikipedia.org/wiki/Dan-D_Foods
Canada,Dare Foods,https://en.wikipedia.org/wiki/Dare_Foods
Canada,Earth's Own Food Company,https://en.wikipedia.org/wiki/Earth%27s_Own_Food_Company
Canada,Ganong Bros.,https://en.wikipedia.org/wiki/Ganong_Bros.
Canada,Gay Lea,https://en.wikipedia.org/wiki/Gay_Lea
Canada,George Weston Limited,https://en.wikipedia.org/wiki/George_Weston_Limited
Canada,Jim Pattison Group,https://en.wikipedia.org/wiki/Jim_Pattison_Group
Canada,Just Us!,https://en.wikipedia.org/wiki/Just_Us!
Canada,Kawartha Dairy Company,https://en.wikipedia.org/wiki/Kawartha_Dairy_Company
Canada,Lassonde Industries,https://en.wikipedia.org/wiki/Lassonde_Industries
Canada,Laura Secord Chocolates,https://en.wikipedia.org/wiki/Laura_Secord_Chocolates
Canada,Lesters Foods Ltd.,https://en.wikipedia.org/wiki/Lesters_Foods_Ltd.
Canada,Liberté_Inc.,https://en.wikipedia.org/wiki/Libert%C3%A9_Inc.
Canada,M&M Food Market,https://en.wikipedia.org/wiki/M%26M_Food_Market
Canada,Maple Leaf Foods,https://en.wikipedia.org/wiki/Maple_Leaf_Foods
Canada,McCain Foods,https://en.wikipedia.org/wiki/McCain_Foods
Canada,Metro Inc.,https://en.wikipedia.org/wiki/Metro_Inc.
Canada,Mike's Hard Lemonade Co.,https://en.wikipedia.org/wiki/Mike%27s_Hard_Lemonade_Co.
Canada,MTY Food Group,https://en.wikipedia.org/wiki/MTY_Food_Group
Canada,Nature's Path,https://en.wikipedia.org/wiki/Nature%27s_Path
Canada,Naya Waters,https://en.wikipedia.org/wiki/Naya_Waters
Canada,Olymel,https://en.wikipedia.org/wiki/Olymel
Canada,Organic Meadow Cooperative,https://en.wikipedia.org/wiki/Organic_Meadow_Cooperative
Canada,Première Moisson,https://en.wikipedia.org/wiki/Premi%C3%A8re_Moisson
Canada,Premium Brands Holdings Corporation,https://en.wikipedia.org/wiki/Premium_Brands_Holdings_Corporation
Canada,Purdy's Chocolates,https://en.wikipedia.org/wiki/Purdy%27s_Chocolates
Canada,Purity Factories,https://en.wikipedia.org/wiki/Purity_Factories
Canada,Recipe Unlimited,https://en.wikipedia.org/wiki/Recipe_Unlimited
Canada,Restaurant Brands International,https://en.wikipedia.org/wiki/Restaurant_Brands_International
Canada,Rogers Sugar,https://en.wikipedia.org/wiki/Rogers_Sugar
Canada,Saputo,https://en.wikipedia.org/wiki/Saputo_Inc.
Canada,Sobeys,https://en.wikipedia.org/wiki/Sobeys
Canada,SunOpta,https://en.wikipedia.org/wiki/SunOpta
Canada,Voortman Cookies,https://en.wikipedia.org/wiki/Voortman_Cookies
Caribbean,Nomad Foods,https://en.wikipedia.org/wiki/Nomad_Foods
Chile,Castaño,https://en.wikipedia.org/wiki/Casta%C3%B1o_(bakery)
Chile,Compañía de las Cervecerías Unidas,https://en.wikipedia.org/wiki/Compa%C3%B1%C3%ADa_de_las_Cervecer%C3%ADas_Unidas
Chile,Concha y Toro,https://en.wikipedia.org/wiki/Concha_y_Toro
Chile,Cooperativa Agrícola y Lechera de La Unión Limitada,https://en.wikipedia.org/wiki/Cooperativa_Agr%C3%ADcola_y_Lechera_de_La_Uni%C3%B3n_Limitada
Chile,IANSA,https://en.wikipedia.org/wiki/IANSA_(company)
Chile,Soprole,https://en.wikipedia.org/wiki/Soprole
China,Amoy Food,https://en.wikipedia.org/wiki/Amoy_Food
China,Bright Food,https://en.wikipedia.org/wiki/Bright_Food
China,Chaoda Modern Agriculture,https://en.wikipedia.org/wiki/Chaoda_Modern_Agriculture
China,COFCO Group,https://en.wikipedia.org/wiki/COFCO_Group
China,Convenience Retail Asia,https://en.wikipedia.org/wiki/Convenience_Retail_Asia
China,Dachan Food,https://en.wikipedia.org/wiki/Dachan_Food_(Asia)
China,Dairy Farm International Holdings,https://en.wikipedia.org/wiki/Dairy_Farm_International_Holdings
China,Foshan Haitian Flavouring & Food Co,https://en.wikipedia.org/wiki/Foshan_Haitian_Flavouring_%26_Food_Co
China,Fufeng Group,https://en.wikipedia.org/wiki/Fufeng_Group
China,Fujian Dali Group,https://en.wikipedia.org/wiki/Fujian_Dali_Group
China,Global Sweeteners,https://en.wikipedia.org/wiki/Global_Sweeteners
China,Hangzhou Wahaha Group,https://en.wikipedia.org/wiki/Hangzhou_Wahaha_Group
China,Hanwei Group,https://en.wikipedia.org/wiki/Hanwei_Group
China,Huiyuan Juice,https://en.wikipedia.org/wiki/Huiyuan_Juice
China,Kee Wah Bakery,https://en.wikipedia.org/wiki/Kee_Wah_Bakery
China,Kweichow Moutai Company,https://en.wikipedia.org/wiki/Kweichow_Moutai_Company
China,La Rose Noire,https://en.wikipedia.org/wiki/La_Rose_Noire
China,Mengniu Dairy,https://en.wikipedia.org/wiki/Mengniu_Dairy
China,Shuanghui,https://en.wikipedia.org/wiki/Shuanghui
China,Tien Chun Ve-Tsin,https://en.wikipedia.org/wiki/Tien_Chun_Ve-Tsin
China,Ting Hsin International Group,https://en.wikipedia.org/wiki/Ting_Hsin_International_Group
China,Uni-President Enterprises Corporation,https://en.wikipedia.org/wiki/Uni-President_Enterprises_Corporation
China,Viro,https://en.wikipedia.org/wiki/Viro_(company)
China,Want Want,https://en.wikipedia.org/wiki/Want_Want
China,Xinjiang Chalkis Co.Ltd,https://en.wikipedia.org/wiki/Xinjiang_Chalkis_Co.Ltd
China,Yili Group,https://en.wikipedia.org/wiki/Yili_Group
China,Yurun Group,https://en.wikipedia.org/wiki/Yurun_Group
China,Zoo Holdings Group,https://en.wikipedia.org/wiki/Zoo_Holdings_Group
China,Zvečevo,https://en.wikipedia.org/wiki/Zve%C4%8Devo
Colombia,Alpina Productos Alimenticios,https://en.wikipedia.org/wiki/Alpina_Productos_Alimenticios
Colombia,Alquería,https://en.wikipedia.org/wiki/Alquer%C3%ADa_(company)
Colombia,Grupo Nutresa,https://en.wikipedia.org/wiki/Grupo_Nutresa
Colombia,Postobón,https://en.wikipedia.org/wiki/Postob%C3%B3n
Colombia,Quala,https://en.wikipedia.org/wiki/Quala
Croatia,Agrokor,https://en.wikipedia.org/wiki/Agrokor
Croatia,Atlantic Grupa,https://en.wikipedia.org/wiki/Atlantic_Grupa
Croatia,Čakovečki mlinovi,https://en.wikipedia.org/wiki/%C4%8Cakove%C4%8Dki_mlinovi
Croatia,Franck,https://en.wikipedia.org/wiki/Franck_(company)
Croatia,Kandit,https://en.wikipedia.org/wiki/Kandit
Croatia,Koestlin,https://en.wikipedia.org/wiki/Koestlin
Croatia,Kraš,https://en.wikipedia.org/wiki/Kra%C5%A1
Croatia,Podravka,https://en.wikipedia.org/wiki/Podravka
Croatia,Vindija,https://en.wikipedia.org/wiki/Vindija_(company)
Croatia,Zvečevo,https://en.wikipedia.org/wiki/Zve%C4%8Devo
Cuba,José Arechabala S.A.,https://en.wikipedia.org/wiki/Jos%C3%A9_Arechabala_S.A.
Denmark,Arla Foods,https://en.wikipedia.org/wiki/Arla_Foods
Denmark,Carlsberg Group,https://en.wikipedia.org/wiki/Carlsberg_Group
Denmark,Chr. Hansen,https://en.wikipedia.org/wiki/Chr._Hansen
Denmark,Co-Ro Food,https://en.wikipedia.org/wiki/Co-Ro_Food
Denmark,Danish Agro,https://en.wikipedia.org/wiki/Danish_Agro
Denmark,Danish Crown AmbA,https://en.wikipedia.org/wiki/Danish_Crown_AmbA
Denmark,DAVA Foods,https://en.wikipedia.org/wiki/DAVA_Foods
Denmark,Friis-Holm,https://en.wikipedia.org/wiki/Friis-Holm
Denmark,Kohberg Bakery Group,https://en.wikipedia.org/wiki/Kohberg_Bakery_Group
Denmark,Knuthenlund,https://en.wikipedia.org/wiki/Knuthenlund
Denmark,Løgismose Meyers,https://en.wikipedia.org/wiki/L%C3%B8gismose_Meyers
Denmark,Stauning Whisky,https://en.wikipedia.org/wiki/Stauning_Whisky
Denmark,Toms International,https://en.wikipedia.org/wiki/Toms_International
Finland,Atria,https://en.wikipedia.org/wiki/Atria_(company)
Finland,Fazer,https://en.wikipedia.org/wiki/Fazer
Finland,HKScan,https://en.wikipedia.org/wiki/HKScan
Finland,Kaslink Foods,https://en.wikipedia.org/wiki/Kaslink_Foods
Finland,Paulig,https://en.wikipedia.org/wiki/Paulig
Finland,Raisio Group,https://en.wikipedia.org/wiki/Raisio_Group
Finland,Valio,https://en.wikipedia.org/wiki/Valio
France,Alter Eco,https://en.wikipedia.org/wiki/Alter_Eco
France,Amorino,https://en.wikipedia.org/wiki/Amorino_(company)
France,Bel Group,https://en.wikipedia.org/wiki/Bel_Group
France,Biscuiterie Saint-Michel,https://en.wikipedia.org/wiki/Biscuiterie_Saint-Michel
France,Biscuits Fossier,https://en.wikipedia.org/wiki/Biscuits_Fossier
France,Bonduelle,https://en.wikipedia.org/wiki/Bonduelle
France,Bongrain,https://en.wikipedia.org/wiki/Bongrain
France,Bonnat Chocolates,https://en.wikipedia.org/wiki/Bonnat_Chocolates
France,Castel Group,https://en.wikipedia.org/wiki/Castel_Group
France,Comigel,https://en.wikipedia.org/wiki/Comigel
France,Compagnie des Fromages et RichesMonts,https://en.wikipedia.org/wiki/Compagnie_des_Fromages_et_RichesMonts
France,Cooperl Arc Atlantique,https://en.wikipedia.org/wiki/Cooperl_Arc_Atlantique
France,Dalloyau,https://en.wikipedia.org/wiki/Dalloyau
France,Danone,https://en.wikipedia.org/wiki/Danone
France,Daregal,https://en.wikipedia.org/wiki/Daregal
France,Debauve & Gallais,https://en.wikipedia.org/wiki/Debauve_%26_Gallais
France,Délifrance,https://en.wikipedia.org/wiki/D%C3%A9lifrance
France,Fleury Michon,https://en.wikipedia.org/wiki/Fleury_Michon
France,Groupe Bigard,https://en.wikipedia.org/wiki/Groupe_Bigard
France,Groupe Doux,https://en.wikipedia.org/wiki/Groupe_Doux
France,Groupe Holder,https://en.wikipedia.org/wiki/Groupe_Holder
France,Groupe Le Duff,https://en.wikipedia.org/wiki/Groupe_Le_Duff
France,Groupe Limagrain,https://en.wikipedia.org/wiki/Groupe_Limagrain
France,Hédiard,https://en.wikipedia.org/wiki/H%C3%A9diard
France,La Vie Claire,https://en.wikipedia.org/wiki/La_Vie_Claire_(company)
France,Lactalis,https://en.wikipedia.org/wiki/Lactalis
France,Lur Berri,https://en.wikipedia.org/wiki/Lur_Berri
France,Menier Chocolate,https://en.wikipedia.org/wiki/Menier_Chocolate
France,Michel et Augustin,https://en.wikipedia.org/wiki/Michel_et_Augustin
France,Pernod Ricard,https://en.wikipedia.org/wiki/Pernod_Ricard
France,Picard Surgelés,https://en.wikipedia.org/wiki/Picard_Surgel%C3%A9s
France,The Soufflet Group,https://en.wikipedia.org/wiki/The_Soufflet_Group
France,Tereos,https://en.wikipedia.org/wiki/Tereos
France,Valrhona,https://en.wikipedia.org/wiki/Valrhona
Germany,Aldi,https://en.wikipedia.org/wiki/Aldi
Germany,Alnatura,https://en.wikipedia.org/wiki/Alnatura
Germany,Asbach Uralt,https://en.wikipedia.org/wiki/Asbach_Uralt
Germany,August Storck,https://en.wikipedia.org/wiki/August_Storck
Germany,Bahlsen,https://en.wikipedia.org/wiki/Bahlsen
Germany,Born Feinkost,https://en.wikipedia.org/wiki/Born_Feinkost
Germany,C. Hahne Mühlenwerke GmbH & Co. KG,https://en.wikipedia.org/wiki/C._Hahne_M%C3%BChlenwerke_GmbH_%26_Co._KG
Germany,Coppenrath & Wiese,https://en.wikipedia.org/wiki/Coppenrath_%26_Wiese
Germany,Dr. Oetker,https://en.wikipedia.org/wiki/Dr._Oetker
Germany,Düsseldorfer Löwensenf,https://en.wikipedia.org/wiki/D%C3%BCsseldorfer_L%C3%B6wensenf
Germany,Frosta AG,https://en.wikipedia.org/wiki/Frosta_AG
Germany,Granini,https://en.wikipedia.org/wiki/Granini
Germany,Halloren Chocolate Factory,https://en.wikipedia.org/wiki/Halloren_Chocolate_Factory
Germany,Händlmaier,https://en.wikipedia.org/wiki/H%C3%A4ndlmaier
Germany,Hans Adler,https://en.wikipedia.org/wiki/Hans_Adler_(business)
Germany,Haribo,https://en.wikipedia.org/wiki/Haribo
Germany,Intersnack,https://en.wikipedia.org/wiki/Intersnack
Germany,Lorenz Snack-World,https://en.wikipedia.org/wiki/Lorenz_Snack-World
Germany,Mederer GmbH,https://en.wikipedia.org/wiki/Mederer_GmbH
Germany,Meica,https://en.wikipedia.org/wiki/Meica
Germany,Mestemacher,https://en.wikipedia.org/wiki/Mestemacher
Germany,Müller,https://en.wikipedia.org/wiki/M%C3%BCller_(company)
Germany,Niederegger,https://en.wikipedia.org/wiki/Niederegger
Germany,Nordzucker,https://en.wikipedia.org/wiki/Nordzucker
Germany,Schwarz Gruppe,https://en.wikipedia.org/wiki/Schwarz_Gruppe
Germany,Südzucker,https://en.wikipedia.org/wiki/S%C3%BCdzucker
Germany,Teekampagne,https://en.wikipedia.org/wiki/Teekampagne
Germany,Teekanne,https://en.wikipedia.org/wiki/Teekanne_(company)
Germany,Waldemar Behn,https://en.wikipedia.org/wiki/Waldemar_Behn
Germany,Wild,https://en.wikipedia.org/wiki/Wild_(food_company)
Germany,Zott,https://en.wikipedia.org/wiki/Zott_(dairy_company)
Greece,Arapian,https://en.wikipedia.org/wiki/Arapian
Greece,Evga S.A,https://en.wikipedia.org/wiki/Evga_S.A
Greece,Haitoglou Bros,https://en.wikipedia.org/wiki/Haitoglou_Bros
Greece,Ion,https://en.wikipedia.org/wiki/Ion_(chocolate)
Greece,KYKNOS S.A.,https://en.wikipedia.org/wiki/KYKNOS_S.A.
Greece,Melissa S.A.,https://en.wikipedia.org/wiki/Melissa_S.A.
Greece,Mevgal,https://en.wikipedia.org/wiki/Mevgal
Greece,Miran Pastourma,https://en.wikipedia.org/wiki/Miran_Pastourma
Greece,Papadopoulos,https://en.wikipedia.org/wiki/Papadopoulos_(biscuits)
Greece,Terkenlis,https://en.wikipedia.org/wiki/Terkenlis
Greece,Vivartia,https://en.wikipedia.org/wiki/Vivartia
Hungary,Borsod Brewery,https://en.wikipedia.org/wiki/Borsod_Brewery
Hungary,Győri Keksz,https://en.wikipedia.org/wiki/Gy%C5%91ri_Keksz
Hungary,Hell Energy Drink,https://en.wikipedia.org/wiki/Hell_Energy_Drink
Hungary,Pick Szeged,https://en.wikipedia.org/wiki/Pick_Szeged
India,Adyar Ananda Bhavan,https://en.wikipedia.org/wiki/Adyar_Ananda_Bhavan
India,Amul,https://en.wikipedia.org/wiki/Amul
India,Bisleri,https://en.wikipedia.org/wiki/Bisleri
India,Banas Dairy,https://en.wikipedia.org/wiki/Banas_Dairy
India,Bihar State Milk Co-operative Federation,https://en.wikipedia.org/wiki/Bihar_State_Milk_Co-operative_Federation
India,Britannia Industries,https://en.wikipedia.org/wiki/Britannia_Industries
India,Dabur,https://en.wikipedia.org/wiki/Dabur
India,Dudhsagar Dairy,https://en.wikipedia.org/wiki/Dudhsagar_Dairy
India,Everest Spices,https://en.wikipedia.org/wiki/Everest_Spices
India,Haldiram's,https://en.wikipedia.org/wiki/Haldiram%27s
India,Hatsun Agro Product,https://en.wikipedia.org/wiki/Hatsun_Agro_Product
India,ITC Limited,https://en.wikipedia.org/wiki/ITC_Limited
India,Karnataka Milk Federation,https://en.wikipedia.org/wiki/Karnataka_Milk_Federation
India,Kerala Co-operative Milk Marketing Federation,https://en.wikipedia.org/wiki/Kerala_Co-operative_Milk_Marketing_Federation
India,Marico,https://en.wikipedia.org/wiki/Marico
India,Meat Products of India,https://en.wikipedia.org/wiki/Meat_Products_of_India
India,Mother Dairy,https://en.wikipedia.org/wiki/Mother_Dairy
India,Orissa State Cooperative Milk Producers' Federation,https://en.wikipedia.org/wiki/Orissa_State_Cooperative_Milk_Producers%27_Federation
India,Parle Agro,https://en.wikipedia.org/wiki/Parle_Agro
India,Parle Products,https://en.wikipedia.org/wiki/Parle_Products
India,Patanjali Ayurved,https://en.wikipedia.org/wiki/Patanjali_Ayurved
India,Ravi Foods Private Limited,https://en.wikipedia.org/w/index.php?title=Ravi_Foods_Private_Limited&action=edit&redlink=1
India,Tata Consumer Products,https://en.wikipedia.org/wiki/Tata_Consumer_Products
Indonesia,ABC Foods,https://en.wikipedia.org/wiki/ABC_(food)
Indonesia,Delta Djakarta,https://en.wikipedia.org/wiki/Delta_Djakarta
Indonesia,Greenfields,https://en.wikipedia.org/wiki/Greenfields_(dairy_company)
Indonesia,Indofood,https://en.wikipedia.org/wiki/Indofood
Indonesia,Japfa,https://en.wikipedia.org/wiki/Japfa
Indonesia,Kino Food,https://en.wikipedia.org/wiki/Kino_Indonesia
Indonesia,Mayora Indah,https://en.wikipedia.org/wiki/Mayora_Indah
Indonesia,Multi Bintang Indonesia,https://en.wikipedia.org/wiki/Bintang_Beer
Indonesia,My Kopi-O!,https://en.wikipedia.org/wiki/My_Kopi-O!
Indonesia,Roti Bunz,https://en.wikipedia.org/wiki/Roti_Bunz
Indonesia,Sariwangi,https://en.wikipedia.org/wiki/Sariwangi
Indonesia,Siantar Top,https://en.wikipedia.org/wiki/Siantar_Top
Indonesia,Sido Muncul,https://en.wikipedia.org/wiki/Sido_Muncul
Indonesia,Sosro,https://en.wikipedia.org/wiki/Teh_botol
Indonesia,Wings Food,https://en.wikipedia.org/wiki/Wings_(Indonesian_company)
Indonesia,Yupi,https://en.wikipedia.org/wiki/Yupi_(confectioner)
Ireland,Abbey Cheese Company,https://en.wikipedia.org/wiki/Abbey_Cheese_Company
Ireland,Ardsallagh Goat Farm,https://en.wikipedia.org/wiki/Ardsallagh_Goat_Farm
Ireland,Barry's Tea,https://en.wikipedia.org/wiki/Barry%27s_Tea
Ireland,Béal Organic Cheese,https://en.wikipedia.org/wiki/B%C3%A9al_Organic_Cheese
Ireland,Bewley's,https://en.wikipedia.org/wiki/Bewley%27s
Ireland,Bluebell Falls,https://en.wikipedia.org/wiki/Bluebell_Falls
Ireland,Burren Smokehouse,https://en.wikipedia.org/wiki/Burren_Smokehouse
Ireland,Butlers Chocolates,https://en.wikipedia.org/wiki/Butlers_Chocolates
Ireland,C&C Group,https://en.wikipedia.org/wiki/C%26C_Group
Ireland,Cahill's Farm Cheese,https://en.wikipedia.org/wiki/Cahill%27s_Farm_Cheese
Ireland,Carlow Brewing Company,https://en.wikipedia.org/wiki/Carlow_Brewing_Company
Ireland,Carrigaline Farmhouse Cheese,https://en.wikipedia.org/wiki/Carrigaline_Farmhouse_Cheese
Ireland,Donegal Creameries,https://en.wikipedia.org/wiki/Donegal_Creameries
Ireland,Flahavan's,https://en.wikipedia.org/wiki/Flahavan%27s
Ireland,Fyffes,https://en.wikipedia.org/wiki/Fyffes
Ireland,Gleeson Group,https://en.wikipedia.org/wiki/Gleeson_Group
Ireland,Greencore,https://en.wikipedia.org/wiki/Greencore
Ireland,Hadji Bey,https://en.wikipedia.org/wiki/Hadji_Bey
Ireland,Irwin's Bakery,https://en.wikipedia.org/wiki/Irwin%27s_Bakery
Ireland,Kerry Group,https://en.wikipedia.org/wiki/Kerry_Group
Ireland,Lakeland Dairies,https://en.wikipedia.org/wiki/Lakeland_Dairies
Ireland,Lyons Tea,https://en.wikipedia.org/wiki/Lyons_Tea_(Ireland)
Ireland,Mauds Ice Creams,https://en.wikipedia.org/wiki/Mauds_Ice_Creams
Ireland,Murphys Ice Cream,https://en.wikipedia.org/wiki/Murphys_Ice_Cream
Ireland,Nobó,https://en.wikipedia.org/wiki/Nob%C3%B3
Ireland,Old Bushmills Distillery,https://en.wikipedia.org/wiki/Old_Bushmills_Distillery
Ireland,Ornua,https://en.wikipedia.org/wiki/Ornua
Ireland,R&H Hall,https://en.wikipedia.org/wiki/R%26H_Hall
Ireland,Shamrock Foods,https://en.wikipedia.org/wiki/Shamrock_Foods
Ireland,Tayto (Northern Ireland),https://en.wikipedia.org/wiki/Tayto_(Northern_Ireland)
Ireland,Tayto (Republic of Ireland),https://en.wikipedia.org/wiki/Tayto_(Republic_of_Ireland)
Ireland,Valeo Foods,https://en.wikipedia.org/wiki/Valeo_Foods
Israel,Angel Bakeries,https://en.wikipedia.org/wiki/Angel_Bakeries
Israel,Berman's Bakery,https://en.wikipedia.org/wiki/Berman%27s_Bakery
Israel,Osem,https://en.wikipedia.org/wiki/Osem_(company)
Israel,Prigat,https://en.wikipedia.org/wiki/Prigat
Israel,Strauss,https://en.wikipedia.org/wiki/Strauss_Group
Israel,Tara,https://en.wikipedia.org/wiki/Tara_(Israel)
Israel,Yehuda Matzos,https://en.wikipedia.org/wiki/Yehuda_Matzos
Italy,Amedei,https://en.wikipedia.org/wiki/Amedei
Italy,Auricchio,https://en.wikipedia.org/wiki/Auricchio
Italy,Autogrill,https://en.wikipedia.org/wiki/Autogrill
Italy,Dolciaria Balconi,https://en.wikipedia.org/wiki/Dolciaria_Balconi
Italy,Balocco,https://en.wikipedia.org/wiki/Balocco_(company)
Italy,Barilla Group,https://en.wikipedia.org/wiki/Barilla_Group
Italy,Bartolo Nardini,https://en.wikipedia.org/wiki/Bartolo_Nardini
Italy,Bertagni,https://en.wikipedia.org/wiki/Bertagni
Italy,Campari Group,https://en.wikipedia.org/wiki/Campari_Group
Italy,Carapelli,https://en.wikipedia.org/wiki/Carapelli
Italy,Cielo,https://en.wikipedia.org/wiki/Cielo_(company)
Italy,Cirio,https://en.wikipedia.org/wiki/Cirio
Italy,Coppola Foods,https://en.wikipedia.org/wiki/Coppola_Foods
Italy,De Cecco,https://en.wikipedia.org/wiki/De_Cecco
Italy,Domori,https://en.wikipedia.org/wiki/Domori
Italy,Elledi,https://en.wikipedia.org/wiki/Elledi
Italy,Ferrero SpA,https://en.wikipedia.org/wiki/Ferrero_SpA
Italy,Gelati Cecchi,https://en.wikipedia.org/wiki/Gelati_Cecchi
Italy,Giovanni Rana,https://en.wikipedia.org/wiki/Giovanni_Rana
Italy,Girolamo Luxardo,https://en.wikipedia.org/wiki/Girolamo_Luxardo
Italy,Granarolo,https://en.wikipedia.org/wiki/Granarolo_(company)
Italy,Grom,https://en.wikipedia.org/wiki/Grom_(company)
Italy,Guglielmo coffee,https://en.wikipedia.org/wiki/Guglielmo_coffee
Italy,La Molisana,https://en.wikipedia.org/wiki/La_Molisana
Italy,Lavazza,https://en.wikipedia.org/wiki/Lavazza
Italy,Lazzaroni,https://en.wikipedia.org/wiki/Lazzaroni
Italy,Loacker,https://en.wikipedia.org/wiki/Loacker
Italy,Marzadro Distillery,https://en.wikipedia.org/wiki/Marzadro_Distillery
Italy,Massimo Zanetti Beverage Group,https://en.wikipedia.org/wiki/Massimo_Zanetti_Beverage_Group
Italy,Nardini,https://en.wikipedia.org/wiki/Nardini_(grappa)
Italy,Nonino Grappa,https://en.wikipedia.org/wiki/Nonino_Grappa
Italy,Parmalat,https://en.wikipedia.org/wiki/Parmalat
Italy,Pernigotti,https://en.wikipedia.org/wiki/Pernigotti
Italy,Polli,https://en.wikipedia.org/wiki/Polli_(company)
Italy,Saclà Italia,https://en.wikipedia.org/wiki/Sacl%C3%A0_Italia
Italy,San Carlo,https://en.wikipedia.org/wiki/San_Carlo_(company)
Italy,Sterilgarda,https://en.wikipedia.org/wiki/Sterilgarda
Italy,Venchi,https://en.wikipedia.org/wiki/Venchi
Italy,Vicenzi,https://en.wikipedia.org/wiki/Vicenzi
Italy,Voiello,https://en.wikipedia.org/wiki/Voiello
Japan,Ajinomoto,https://en.wikipedia.org/wiki/Ajinomoto
Japan,Asahi Breweries,https://en.wikipedia.org/wiki/Asahi_Breweries
Japan,Calbee,https://en.wikipedia.org/wiki/Calbee
Japan,Ezaki Glico,https://en.wikipedia.org/wiki/Ezaki_Glico
Japan,Fujimitsu Corporation,https://en.wikipedia.org/wiki/Fujimitsu_Corporation
Japan,Fujiya,https://en.wikipedia.org/wiki/Fujiya
Japan,House Foods,https://en.wikipedia.org/wiki/House_Foods
Japan,Kabaya,https://en.wikipedia.org/wiki/Kabaya
Japan,Kagome,https://en.wikipedia.org/wiki/Kagome_(company)
Japan,Kikkoman,https://en.wikipedia.org/wiki/Kikkoman
Japan,Kirin Company,https://en.wikipedia.org/wiki/Kirin_Company
Japan,LEOC Japan,https://en.wikipedia.org/wiki/LEOC_Japan
Japan,Maruchan,https://en.wikipedia.org/wiki/Maruchan
Japan,Maruha Nichiro,https://en.wikipedia.org/wiki/Maruha_Nichiro
Japan,Marukome,https://en.wikipedia.org/wiki/Marukome
Japan,Meiji Dairies,https://en.wikipedia.org/wiki/Meiji_Dairies
Japan,Meiji Seika,https://en.wikipedia.org/wiki/Meiji_Seika
Japan,Mizkan,https://en.wikipedia.org/wiki/Mizkan
Japan,Morinaga,https://en.wikipedia.org/wiki/Morinaga_%26_Company
Japan,Nippon Flour Mills,https://en.wikipedia.org/wiki/Nippon_Flour_Mills
Japan,Nippon Ham,https://en.wikipedia.org/wiki/Nippon_Ham
Japan,Nippon Suisan Kaisha,https://en.wikipedia.org/wiki/Nippon_Suisan_Kaisha
Japan,Nissin Foods,https://en.wikipedia.org/wiki/Nissin_Foods
Japan,Saikabo,https://en.wikipedia.org/wiki/Saikabo
Japan,Sapporo Brewery,https://en.wikipedia.org/wiki/Sapporo_Brewery
Japan,Shidax,https://en.wikipedia.org/wiki/Shidax
Japan,Snow Brand Milk Products,https://en.wikipedia.org/wiki/Snow_Brand_Milk_Products
Japan,Suntory,https://en.wikipedia.org/wiki/Suntory
Japan,Tohato,https://en.wikipedia.org/wiki/Tohato
Japan,Toyo Suisan,https://en.wikipedia.org/wiki/Toyo_Suisan
Japan,Yakult,https://en.wikipedia.org/wiki/Yakult
Japan,Yamazaki Baking,https://en.wikipedia.org/wiki/Yamazaki_Baking
Japan,Zensho,https://en.wikipedia.org/wiki/Zensho
Kuwait,Americana Group,https://en.wikipedia.org/wiki/Americana_Group
Kuwait,Kout Food Group,https://en.wikipedia.org/wiki/Kout_Food_Group
Malaysia,BOH Plantations,https://en.wikipedia.org/wiki/BOH_Plantations
Malaysia,Dutch Lady Milk Industries,https://en.wikipedia.org/wiki/Dutch_Lady_Milk_Industries
Malaysia,Felda Global Ventures Holdings,https://en.wikipedia.org/wiki/Felda_Global_Ventures_Holdings
Malaysia,The Italian Baker,https://en.wikipedia.org/wiki/The_Italian_Baker
Malaysia,Kart's,https://en.wikipedia.org/wiki/Kart%27s
Malaysia,Mamee Double-Decker,https://en.wikipedia.org/wiki/Mamee_Double-Decker
Malaysia,Munchy's,https://en.wikipedia.org/wiki/Munchy%27s
Malaysia,Polar Ice Cream,https://en.wikipedia.org/wiki/Polar_Ice_Cream
Malaysia,Ramly Group,https://en.wikipedia.org/wiki/Ramly_Group
Malaysia,Sabah Tea,https://en.wikipedia.org/wiki/Sabah_Tea
Malaysia,Sime Darby,https://en.wikipedia.org/wiki/Sime_Darby
Malaysia,United Plantations,https://en.wikipedia.org/wiki/United_Plantations
Malaysia,Yit Foh Tenom Coffee,https://en.wikipedia.org/wiki/Yit_Foh_Tenom_Coffee
Mexico,Ah Cacao Real Chocolate,https://en.wikipedia.org/wiki/Ah_Cacao_Real_Chocolate
Mexico,Alpura,https://en.wikipedia.org/wiki/Alpura_(company)
Mexico,Alsea,https://en.wikipedia.org/wiki/Alsea_(company)
Mexico,Bachoco,https://en.wikipedia.org/wiki/Bachoco
Mexico,Búfalo,https://en.wikipedia.org/wiki/B%C3%BAfalo
Mexico,Chilchota Alimentos,https://en.wikipedia.org/wiki/Chilchota_Alimentos
Mexico,Cholula Hot Sauce,https://en.wikipedia.org/wiki/Cholula_Hot_Sauce
Mexico,Gruma,https://en.wikipedia.org/wiki/Gruma
Mexico,Grupo Anderson's,https://en.wikipedia.org/wiki/Grupo_Anderson%27s
Mexico,Grupo Bimbo,https://en.wikipedia.org/wiki/Grupo_Bimbo
Mexico,Grupo La Norteñita,https://en.wikipedia.org/wiki/Grupo_La_Norte%C3%B1ita
Mexico,Grupo Lala,https://en.wikipedia.org/wiki/Grupo_Lala
Mexico,Ibarra,https://en.wikipedia.org/wiki/Ibarra_(chocolate)
Mexico,Jarritos,https://en.wikipedia.org/wiki/Jarritos
Mexico,Jose Cuervo,https://en.wikipedia.org/wiki/Jose_Cuervo
Mexico,La Costeña,https://en.wikipedia.org/wiki/La_Coste%C3%B1a_(food_company)
Mexico,Mayordomo,https://en.wikipedia.org/wiki/Mayordomo
Mexico,Sidral Mundet,https://en.wikipedia.org/wiki/Sidral_Mundet
Mexico,Sigma Alimentos,https://en.wikipedia.org/wiki/Sigma_Alimentos
Mexico,Valentina,https://en.wikipedia.org/wiki/Valentina_(hot_sauce)
Netherlands,Ahold Delhaize,https://en.wikipedia.org/wiki/Ahold_Delhaize
Netherlands,AVEBE,https://en.wikipedia.org/wiki/AVEBE
Netherlands,Bavaria Brewery,https://en.wikipedia.org/wiki/Bavaria_Brewery_(Netherlands)
Netherlands,Douwe Egberts,https://en.wikipedia.org/wiki/Douwe_Egberts
Netherlands,Droste,https://en.wikipedia.org/wiki/Droste
Netherlands,FrieslandCampina,https://en.wikipedia.org/wiki/FrieslandCampina
Netherlands,Heineken International,https://en.wikipedia.org/wiki/Heineken_International
Netherlands,Ketel One,https://en.wikipedia.org/wiki/Ketel_One
Netherlands,Lucas Bols,https://en.wikipedia.org/wiki/Lucas_Bols
Netherlands,Nutreco,https://en.wikipedia.org/wiki/Nutreco
Netherlands,Remia,https://en.wikipedia.org/wiki/Remia
Netherlands,Royal Wessanen,https://en.wikipedia.org/wiki/Royal_Wessanen
Netherlands,Vion NV,https://en.wikipedia.org/wiki/Vion_NV
New Zealand,Alliance Group,https://en.wikipedia.org/wiki/Alliance_Group
New Zealand,Chelsea Sugar Refinery,https://en.wikipedia.org/wiki/Chelsea_Sugar_Refinery
New Zealand,Cookie Time,https://en.wikipedia.org/wiki/Cookie_Time
New Zealand,Emerson's Brewery,https://en.wikipedia.org/wiki/Emerson%27s_Brewery
New Zealand,Evansdale Cheese,https://en.wikipedia.org/wiki/Evansdale_Cheese
New Zealand,Fonterra,https://en.wikipedia.org/wiki/Fonterra
New Zealand,Foodstuffs,https://en.wikipedia.org/wiki/Foodstuffs_(company)
New Zealand,Foxton Fizz,https://en.wikipedia.org/wiki/Foxton_Fizz
New Zealand,Goodman Fielder,https://en.wikipedia.org/wiki/Goodman_Fielder
New Zealand,Gregg's,https://en.wikipedia.org/wiki/Gregg%27s_(New_Zealand)
New Zealand,Griffin's Foods,https://en.wikipedia.org/wiki/Griffin%27s_Foods
New Zealand,Healtheries,https://en.wikipedia.org/wiki/Healtheries
New Zealand,Hubbard Foods,https://en.wikipedia.org/wiki/Hubbard_Foods
New Zealand,Jimmy's Pies,https://en.wikipedia.org/wiki/Jimmy%27s_Pies
New Zealand,Lewis Road Creamery,https://en.wikipedia.org/wiki/Lewis_Road_Creamery
New Zealand,Livestock Improvement Corporation,https://en.wikipedia.org/wiki/Livestock_Improvement_Corporation
New Zealand,McCashins Brewery,https://en.wikipedia.org/wiki/McCashins_Brewery
New Zealand,Monteith's,https://en.wikipedia.org/wiki/Monteith%27s
New Zealand,My Food Bag,https://en.wikipedia.org/wiki/My_Food_Bag
New Zealand,Progressive Enterprises,https://en.wikipedia.org/wiki/Progressive_Enterprises
New Zealand,Restaurant Brands,https://en.wikipedia.org/wiki/Restaurant_Brands
New Zealand,Silver Fern Farms,https://en.wikipedia.org/wiki/Silver_Fern_Farms
New Zealand,Speight's,https://en.wikipedia.org/wiki/Speight%27s
New Zealand,Synlait,https://en.wikipedia.org/wiki/Synlait
New Zealand,Talley's Group,https://en.wikipedia.org/wiki/Talley%27s_Group
New Zealand,Tatua Dairy Company,https://en.wikipedia.org/wiki/Tatua_Dairy_Company
New Zealand,Tegel Foods,https://en.wikipedia.org/wiki/Tegel_Foods
New Zealand,Westland Milk Products,https://en.wikipedia.org/wiki/Westland_Milk_Products
New Zealand,Whitestone cheese,https://en.wikipedia.org/wiki/Whitestone_cheese
New Zealand,Whittaker's,https://en.wikipedia.org/wiki/Whittaker%27s
New Zealand,Wigram Beer,https://en.wikipedia.org/wiki/Wigram_Beer
New Zealand,Zealong,https://en.wikipedia.org/wiki/Zealong
Norway,Bama Gruppen,https://en.wikipedia.org/wiki/Bama_Gruppen
Norway,Brynild Gruppen,https://en.wikipedia.org/wiki/Brynild_Gruppen
Norway,Cermaq,https://en.wikipedia.org/wiki/Cermaq
Norway,Coop Norge,https://en.wikipedia.org/wiki/Coop_Norge
Norway,Den Lille Nøttefabrikken,https://en.wikipedia.org/wiki/Den_Lille_N%C3%B8ttefabrikken
Norway,Drammens Is,https://en.wikipedia.org/wiki/Drammens_Is
Norway,Felleskjøpet,https://en.wikipedia.org/wiki/Felleskj%C3%B8pet
Norway,Fjordland,https://en.wikipedia.org/wiki/Fjordland
Norway,Friele,https://en.wikipedia.org/wiki/Friele
Norway,Gartnerhallen,https://en.wikipedia.org/wiki/Gartnerhallen
Norway,Hennig-Olsen Iskremfabrikk,https://en.wikipedia.org/wiki/Hennig-Olsen_Iskremfabrikk
Norway,HOFF Norske Potetindustrier,https://en.wikipedia.org/wiki/HOFF_Norske_Potetindustrier
Norway,Hval Sjokoladefabrikk,https://en.wikipedia.org/wiki/Hval_Sjokoladefabrikk
Norway,Isklar,https://en.wikipedia.org/wiki/Isklar
Norway,Kavli,https://en.wikipedia.org/wiki/Kavli
Norway,Kavli Trust,https://en.wikipedia.org/wiki/Kavli_Trust
Norway,Lerum,https://en.wikipedia.org/wiki/Lerum_(company)
Norway,Maarud,https://en.wikipedia.org/wiki/Maarud
Norway,Nora Industrier,https://en.wikipedia.org/wiki/Nora_Industrier
Norway,Nortura,https://en.wikipedia.org/wiki/Nortura
Norway,Norway Royal Salmon,https://en.wikipedia.org/wiki/Norway_Royal_Salmon
Norway,Orkla Group,https://en.wikipedia.org/wiki/Orkla_Group
Norway,SalMar,https://en.wikipedia.org/wiki/SalMar
Norway,Synnøve Finden,https://en.wikipedia.org/wiki/Synn%C3%B8ve_Finden
Norway,Tine,https://en.wikipedia.org/wiki/Tine_(company)
Norway,Vinmonopolet,https://en.wikipedia.org/wiki/Vinmonopolet
Pakistan,Dalda,https://en.wikipedia.org/wiki/Dalda
Pakistan,Engro Corporation,https://en.wikipedia.org/wiki/Engro_Corporation
Pakistan,Fauji Foundation,https://en.wikipedia.org/wiki/Fauji_Foundation
Pakistan,Gourmet Foods,https://en.wikipedia.org/wiki/Gourmet_Foods
Pakistan,K&N's,https://en.wikipedia.org/wiki/K%26N%27s
Pakistan,Mitchell's Fruit Farms Limited,https://en.wikipedia.org/wiki/Mitchell%27s_Fruit_Farms_Limited
Pakistan,Murree Brewery,https://en.wikipedia.org/wiki/Murree_Brewery
Pakistan,National Foods Limited,https://en.wikipedia.org/wiki/National_Foods_Limited
Pakistan,OMORÉ,https://en.wikipedia.org/wiki/OMOR%C3%89
Pakistan,Pakola,https://en.wikipedia.org/wiki/Pakola
Pakistan,Shan Food Industries,https://en.wikipedia.org/wiki/Shan_Food_Industries
Pakistan,Shezan International,https://en.wikipedia.org/wiki/Shezan_International
Pakistan,Peek Freans,https://en.wikipedia.org/wiki/Peek_Freans
Peru,Ajegroup,https://en.wikipedia.org/wiki/Ajegroup
Peru,Alicorp,https://en.wikipedia.org/wiki/Alicorp
Peru,Corporación Lindley S.A.,https://en.wikipedia.org/wiki/Corporaci%C3%B3n_Lindley_S.A.
Peru,Don Jorge,https://en.wikipedia.org/wiki/Don_Jorge
Peru,Enrique Cassinelli and Sons,https://en.wikipedia.org/wiki/Enrique_Cassinelli_and_Sons
Peru,La Iberica,https://en.wikipedia.org/wiki/La_Iberica
Philippines,Alaska Milk Corporation,https://en.wikipedia.org/wiki/Alaska_Milk_Corporation
Philippines,Asia Brewery,https://en.wikipedia.org/wiki/Asia_Brewery
Philippines,Bounty Agro Ventures,https://en.wikipedia.org/wiki/Bounty_Agro_Ventures
Philippines,CDO Foodsphere,https://en.wikipedia.org/wiki/CDO_Foodsphere
Philippines,Century Pacific Food,https://en.wikipedia.org/wiki/Century_Pacific_Food
Philippines,Comfoods,https://en.wikipedia.org/wiki/Comfoods
Philippines,Delimondo,https://en.wikipedia.org/wiki/Delimondo
Philippines,Eng Bee Tin,https://en.wikipedia.org/wiki/Eng_Bee_Tin
Philippines,Figaro Coffee Company,https://en.wikipedia.org/wiki/Figaro_Coffee_Company
Philippines,Food Terminal Inc.,https://en.wikipedia.org/wiki/Food_Terminal_Inc.
Philippines,Fruitas Holdings,https://en.wikipedia.org/wiki/Fruitas_Holdings
Philippines,Goldilocks Bakeshop,https://en.wikipedia.org/wiki/Goldilocks_Bakeshop
Philippines,Jollibee Foods Corporation,https://en.wikipedia.org/wiki/Jollibee_Foods_Corporation
Philippines,Liwayway Holdings Company,https://en.wikipedia.org/wiki/Oishi_(Philippine_brand)
Philippines,Malagos Chocolate,https://en.wikipedia.org/wiki/Malagos_Chocolate
Philippines,Mama Sita's Holding Company,https://en.wikipedia.org/wiki/Mama_Sita%27s_Holding_Company
Philippines,Max's Group,https://en.wikipedia.org/wiki/Max%27s_Group
Philippines,Monde Nissin,https://en.wikipedia.org/wiki/Monde_Nissin
Philippines,NutriAsia,https://en.wikipedia.org/wiki/NutriAsia
Philippines,Potato Corner,https://en.wikipedia.org/wiki/Potato_Corner
Philippines,Rebisco,https://en.wikipedia.org/wiki/Rebisco
Philippines,RFM Corporation,https://en.wikipedia.org/wiki/RFM_Corporation
Philippines,San Miguel CorporationSan Miguel Food and Beverage,https://en.wikipedia.org/wiki/San_Miguel_Corporation
Philippines,Serenitea,https://en.wikipedia.org/wiki/Serenitea
Philippines,Shawarma Shack,https://en.wikipedia.org/wiki/Shawarma_Shack
Philippines,SL Agritech Corporation,https://en.wikipedia.org/wiki/SL_Agritech_Corporation
Philippines,Tanduay Distillers,https://en.wikipedia.org/wiki/Tanduay_Distillers
Philippines,Universal Robina,https://en.wikipedia.org/wiki/Universal_Robina
Philippines,Viva International Food and Restaurants,https://en.wikipedia.org/wiki/Viva_Communications
Philippines,Zest-O,https://en.wikipedia.org/wiki/Zest-O
Philippines,San Miguel Food and Beverage,https://en.wikipedia.org/wiki/San_Miguel_Food_and_Beverage
Poland,AmRest,https://en.wikipedia.org/wiki/AmRest
Poland,Hortex,https://en.wikipedia.org/wiki/Hortex
Poland,Indykpol,https://en.wikipedia.org/wiki/Indykpol
Poland,Kamis,https://en.wikipedia.org/wiki/Kamis
Poland,Maspex,https://en.wikipedia.org/wiki/Maspex
Poland,Tymbark,https://en.wikipedia.org/wiki/Tymbark_(company)
Poland,Winiary,https://en.wikipedia.org/wiki/Winiary_(company)
Portugal,Cerealis,https://en.wikipedia.org/wiki/Cerealis
Portugal,Cofaco,https://en.wikipedia.org/wiki/Cofaco
Portugal,Conservas Ramirez,https://en.wikipedia.org/wiki/Conservas_Ramirez
Portugal,Delta Cafés,https://en.wikipedia.org/wiki/Delta_Caf%C3%A9s
Portugal,Frulact,https://en.wikipedia.org/wiki/Frulact
Portugal,Grupo RAR,https://en.wikipedia.org/wiki/Grupo_RAR
Portugal,Lactogal,https://en.wikipedia.org/wiki/Lactogal
Portugal,Sovena Group,https://en.wikipedia.org/wiki/Sovena_Group
Portugal,Sumol + Compal,https://en.wikipedia.org/wiki/Sumol_%2B_Compal
Portugal,Valouro,https://en.wikipedia.org/wiki/Valouro
Romania,Aldis SRL,https://en.wikipedia.org/wiki/Aldis_SRL
Romania,European Drinks & Foods,https://en.wikipedia.org/wiki/European_Drinks_%26_Foods
Romania,Recaș Wineries,https://en.wikipedia.org/wiki/Reca%C8%99_Wineries
Romania,Sam Mills,https://en.wikipedia.org/wiki/Sam_Mills_(company)
Russia,Babayevsky,https://en.wikipedia.org/wiki/Babayevsky_(company)
Russia,Cherkizovo,https://en.wikipedia.org/wiki/Cherkizovo
Russia,Inmarko,https://en.wikipedia.org/wiki/Inmarko
Russia,Krasny Oktyabr,https://en.wikipedia.org/wiki/Krasny_Oktyabr_(confectionery_brand)
Russia,Rot Front,https://en.wikipedia.org/wiki/Rot_Front_(confectionery_brand)
Russia,Wimm-Bill-Dann Foods,https://en.wikipedia.org/wiki/Wimm-Bill-Dann_Foods
Saudi Arabia,Almarai,https://en.wikipedia.org/wiki/Almarai
Saudi Arabia,Nadec,https://en.wikipedia.org/wiki/Nadec
Saudi Arabia,Savola Group,https://en.wikipedia.org/wiki/Savola_Group
Serbia,Bambi,https://en.wikipedia.org/wiki/Bambi_(company)
Serbia,BIP Brewery,https://en.wikipedia.org/wiki/BIP_Brewery
Serbia,Imlek a.d.,https://en.wikipedia.org/wiki/Imlek_a.d.
Serbia,Knjaz Miloš a.d.,https://en.wikipedia.org/wiki/Knjaz_Milo%C5%A1_a.d.
Serbia,La Fantana,https://en.wikipedia.org/wiki/La_Fantana
Serbia,Mlekara Subotica,https://en.wikipedia.org/wiki/Mlekara_Subotica
Serbia,Nectar d.o.o.,https://en.wikipedia.org/wiki/Nectar_d.o.o.
Serbia,Rubin,https://en.wikipedia.org/wiki/Rubin_(company)
Serbia,Štark,https://en.wikipedia.org/wiki/%C5%A0tark
Serbia,Swisslion Group,https://en.wikipedia.org/wiki/Swisslion_Group
Serbia,Zaječarsko pivo,https://en.wikipedia.org/wiki/Zaje%C4%8Darsko_pivo
Singapore,Aalst Chocolate,https://en.wikipedia.org/wiki/Aalst_Chocolate
Singapore,ABR Holdings,https://en.wikipedia.org/wiki/ABR_Holdings
Singapore,Asian Home Gourmet,https://en.wikipedia.org/wiki/Asian_Home_Gourmet
Singapore,Ayam Brand,https://en.wikipedia.org/wiki/Ayam_Brand
Singapore,Bee Cheng Hiang,https://en.wikipedia.org/wiki/Bee_Cheng_Hiang
Singapore,Bengawan Solo,https://en.wikipedia.org/wiki/Bengawan_Solo_(company)
Singapore,BreadTalk,https://en.wikipedia.org/wiki/BreadTalk
Singapore,Delfi Limited,https://en.wikipedia.org/wiki/Delfi_Limited
Singapore,Fraser and Neave,https://en.wikipedia.org/wiki/Fraser_and_Neave
Singapore,Gardenia Foods,https://en.wikipedia.org/wiki/Gardenia_Foods
Singapore,Killiney Kopitiam,https://en.wikipedia.org/wiki/Killiney_Kopitiam
Singapore,Tee Yih Jia,https://en.wikipedia.org/wiki/Tee_Yih_Jia
Singapore,Udders,https://en.wikipedia.org/wiki/Udders_(ice_cream)
Singapore,Ya Kun Kaya Toast,https://en.wikipedia.org/wiki/Ya_Kun_Kaya_Toast
Singapore,Yeo Hiap Seng,https://en.wikipedia.org/wiki/Yeo_Hiap_Seng
Singapore,Wilmar International,https://en.wikipedia.org/wiki/Wilmar_International
South Korea,Binggrae,https://en.wikipedia.org/wiki/Binggrae
South Korea,CJ GroupCJ CheilJedang,https://en.wikipedia.org/wiki/CJ_Group
South Korea,Crown Confectionery,https://en.wikipedia.org/wiki/Crown_Confectionery
South Korea,Dongwon Industries,https://en.wikipedia.org/wiki/Dongwon_Industries
South Korea,Doosan Corporation,https://en.wikipedia.org/wiki/Doosan_Corporation
South Korea,Haitai,https://en.wikipedia.org/wiki/Haitai
South Korea,Hollys,https://en.wikipedia.org/wiki/Hollys
South Korea,Jeongin Food,https://en.wikipedia.org/wiki/Jeongin_Food
South Korea,Korea Tobacco & Ginseng Corporation,https://en.wikipedia.org/wiki/Korea_Tobacco_%26_Ginseng_Corporation
South Korea,Lotte CorporationLotte Wellfood,https://en.wikipedia.org/wiki/Lotte_Corporation
South Korea,Nongshim,https://en.wikipedia.org/wiki/Nongshim
South Korea,Orion Confectionery,https://en.wikipedia.org/wiki/Orion_Confectionery
South Korea,Ottogi,https://en.wikipedia.org/wiki/Ottogi
South Korea,Pulmuone,https://en.wikipedia.org/wiki/Pulmuone
South Korea,Samyang Food,https://en.wikipedia.org/wiki/Samyang_Food
South Korea,Seoul Milk,https://en.wikipedia.org/wiki/Seoul_Milk
South Korea,SPC Group,https://en.wikipedia.org/wiki/SPC_Group
South Korea,Sulbing,https://en.wikipedia.org/wiki/Sulbing
South Korea,Tory Food,https://en.wikipedia.org/wiki/Tory_Food
South Korea,Yeolmae Food,https://en.wikipedia.org/wiki/Yeolmae_Food
South Korea,CJ CheilJedang,https://en.wikipedia.org/wiki/CJ_CheilJedang
South Korea,Lotte Wellfood,https://en.wikipedia.org/wiki/Lotte_Wellfood
Spain,BEHER,https://en.wikipedia.org/wiki/BEHER_(ham)
Spain,Borges Mediterranean Group,https://en.wikipedia.org/wiki/Borges_Mediterranean_Group
Spain,Calidad Pascual,https://en.wikipedia.org/wiki/Calidad_Pascual
Spain,Campofrío Food Group,https://en.wikipedia.org/wiki/Campofr%C3%ADo_Food_Group
Spain,Ebro Foods,https://en.wikipedia.org/wiki/Ebro_Foods
Spain,Galletas Gullón,https://en.wikipedia.org/wiki/Galletas_Gull%C3%B3n
Spain,Grupo Calvo,https://en.wikipedia.org/wiki/Grupo_Calvo
Spain,Kalise Menorquina,https://en.wikipedia.org/wiki/Kalise_Menorquina
Spain,Mahou-San Miguel Group,https://en.wikipedia.org/wiki/Mahou-San_Miguel_Group
Spain,Nutrexpa,https://en.wikipedia.org/wiki/Nutrexpa
Spain,Pescanova,https://en.wikipedia.org/wiki/Pescanova
Spain,Quely,https://en.wikipedia.org/wiki/Quely
Spain,San Nicasio,https://en.wikipedia.org/wiki/San_Nicasio
Spain,Ta-Tung,https://en.wikipedia.org/wiki/Ta-Tung
Sri Lanka,Cargills (Ceylon) PLC,https://en.wikipedia.org/wiki/Cargills_(Ceylon)_PLC
Sri Lanka,Ceylon Biscuits Limited,https://en.wikipedia.org/wiki/Ceylon_Biscuits_Limited
Sri Lanka,Ceylon Cold Stores,https://en.wikipedia.org/wiki/Ceylon_Cold_Stores
Sri Lanka,Daintee,https://en.wikipedia.org/wiki/Daintee
Sri Lanka,Harischandra Mills,https://en.wikipedia.org/wiki/Harischandra_Mills
Sri Lanka,Maliban Biscuit Manufactories Limited,https://en.wikipedia.org/wiki/Maliban_Biscuit_Manufactories_Limited
Sri Lanka,Pelwatte Sugar Industries PLC,https://en.wikipedia.org/wiki/Pelwatte_Sugar_Industries_PLC
Sweden,AarhusKarlshamn,https://en.wikipedia.org/wiki/AarhusKarlshamn
Sweden,Abba Seafood,https://en.wikipedia.org/wiki/Abba_Seafood
Sweden,Arla Foods,https://en.wikipedia.org/wiki/Arla_Foods
Sweden,Cloetta,https://en.wikipedia.org/wiki/Cloetta
Sweden,Findus,https://en.wikipedia.org/wiki/Findus
Sweden,Gunnar Dafgård,https://en.wikipedia.org/wiki/Gunnar_Dafg%C3%A5rd_AB
Sweden,Lantmännen,https://en.wikipedia.org/wiki/Lantm%C3%A4nnen
Sweden,Mackmyra Whisky,https://en.wikipedia.org/wiki/Mackmyra_Whisky
Sweden,Norrmejerier,https://en.wikipedia.org/wiki/Norrmejerier
Sweden,Pågen,https://en.wikipedia.org/wiki/P%C3%A5gen
Sweden,Polarbröd,https://en.wikipedia.org/wiki/Polarbr%C3%B6d
Sweden,Roberts,https://en.wikipedia.org/wiki/Roberts_(syrup_company)
Sweden,Wasabröd,https://en.wikipedia.org/wiki/Wasabr%C3%B6d
Switzerland,Barry Callebaut,https://en.wikipedia.org/wiki/Barry_Callebaut
Switzerland,Bell Food Group,https://en.wikipedia.org/wiki/Bell_Food_Group
Switzerland,Cailler,https://en.wikipedia.org/wiki/Cailler
Switzerland,Chiquita Brands International,https://en.wikipedia.org/wiki/Chiquita_Brands_International
Switzerland,Coffee World,https://en.wikipedia.org/wiki/Coffee_World
Switzerland,Confiserie Sprüngli,https://en.wikipedia.org/wiki/Confiserie_Spr%C3%BCngli
Switzerland,Coop,https://en.wikipedia.org/wiki/Coop_(Switzerland)
Switzerland,Delica,https://en.wikipedia.org/wiki/Delica_(enterprise)
Switzerland,Emmi AG,https://en.wikipedia.org/wiki/Emmi_AG
Switzerland,Franches-Montagnes Brewery,https://en.wikipedia.org/wiki/Franches-Montagnes_Brewery
Switzerland,Hero Group,https://en.wikipedia.org/wiki/Hero_Group
Switzerland,La Clandestine Absinthe,https://en.wikipedia.org/wiki/La_Clandestine_Absinthe
Switzerland,Lindt & Sprüngli,https://en.wikipedia.org/wiki/Lindt_%26_Spr%C3%BCngli
Switzerland,Max Felchlin,https://en.wikipedia.org/wiki/Max_Felchlin
Switzerland,Migros,https://en.wikipedia.org/wiki/Migros
Switzerland,Nestlé,https://en.wikipedia.org/wiki/Nestl%C3%A9
Switzerland,Ricola,https://en.wikipedia.org/wiki/Ricola
Switzerland,Rivella,https://en.wikipedia.org/wiki/Rivella
Switzerland,"Schweizer Getraenke AG, Obermeilen","https://en.wikipedia.org/wiki/Schweizer_Getraenke_AG,_Obermeilen"
Switzerland,Tetra Laval,https://en.wikipedia.org/wiki/Tetra_Laval
Switzerland,Tropenhaus Frutigen,https://en.wikipedia.org/wiki/Tropenhaus_Frutigen
Switzerland,Unser Bier,https://en.wikipedia.org/wiki/Unser_Bier
Switzerland,Villars-Maitre-Chocolatier,https://en.wikipedia.org/wiki/Villars-Maitre-Chocolatier
Taiwan,Dachan Food,https://en.wikipedia.org/wiki/Dachan_Food_(Asia)
Taiwan,HeySong Corporation,https://en.wikipedia.org/wiki/HeySong_Corporation
Taiwan,Hsin Tung Yang,https://en.wikipedia.org/wiki/Hsin_Tung_Yang
Taiwan,Kimlan Foods,https://en.wikipedia.org/wiki/Kimlan_Foods
Taiwan,Kuo Yuan Ye,https://en.wikipedia.org/wiki/Kuo_Yuan_Ye
Taiwan,Ting Hsin International Group,https://en.wikipedia.org/wiki/Ting_Hsin_International_Group
Taiwan,Tingyi (Cayman Islands) Holding Corporation,https://en.wikipedia.org/wiki/Tingyi_(Cayman_Islands)_Holding_Corporation
Taiwan,Uni-President Enterprises Corporation,https://en.wikipedia.org/wiki/Uni-President_Enterprises_Corporation
Taiwan,Want Want,https://en.wikipedia.org/wiki/Want_Want
Taiwan,Wei-Chuan Food Corporation,https://en.wikipedia.org/wiki/Wei-Chuan_Food_Corporation
Thailand,Boon Rawd Brewery,https://en.wikipedia.org/wiki/Boon_Rawd_Brewery
Thailand,Charoen Pokphand Foods,https://en.wikipedia.org/wiki/Charoen_Pokphand_Foods
Thailand,Dutch Mill,https://en.wikipedia.org/wiki/Dutch_Mill
Thailand,Est Cola,https://en.wikipedia.org/wiki/Est_Cola
Thailand,JKN Global Group,https://en.wikipedia.org/wiki/JKN_Global_Group
Thailand,Khon Kaen Sugar,https://en.wikipedia.org/wiki/Khon_Kaen_Sugar
Thailand,Minor International,https://en.wikipedia.org/wiki/Minor_International
Thailand,Mitr Phol,https://en.wikipedia.org/wiki/Mitr_Phol
Thailand,Oishi Group,https://en.wikipedia.org/wiki/Oishi_Group
Thailand,Osotspa,https://en.wikipedia.org/wiki/Osotspa
Thailand,Red Bull,https://en.wikipedia.org/wiki/Red_Bull
Thailand,Tao Kae Noi,https://en.wikipedia.org/wiki/Tao_Kae_Noi
Thailand,Thai President Foods,https://en.wikipedia.org/wiki/Thai_President_Foods
Thailand,Thai Union Group,https://en.wikipedia.org/wiki/Thai_Union_Group
Thailand,ThaiBev,https://en.wikipedia.org/wiki/ThaiBev
Trinidad and Tobago,Bermudez Biscuit Company,https://en.wikipedia.org/wiki/Bermudez_Biscuit_Company
Trinidad and Tobago,Carib Brewery,https://en.wikipedia.org/wiki/Carib_Brewery
Trinidad and Tobago,Flavorite Ice Cream,https://en.wikipedia.org/wiki/Flavorite_Ice_Cream
Trinidad and Tobago,House of Angostura,https://en.wikipedia.org/wiki/House_of_Angostura
Trinidad and Tobago,K.C. Confectionery Limited,https://en.wikipedia.org/wiki/K.C._Confectionery_Limited
Trinidad and Tobago,Kiss Baking Company Limited,https://en.wikipedia.org/wiki/Kiss_Baking_Company_Limited
Trinidad and Tobago,S. M. Jaleel and Company,https://en.wikipedia.org/wiki/S._M._Jaleel_and_Company
Trinidad and Tobago,Solo Beverage Company,https://en.wikipedia.org/wiki/Solo_Beverage_Company
Turkey,A101,https://en.wikipedia.org/wiki/A101_(company)
Turkey,Apikoğlu,https://en.wikipedia.org/wiki/Apiko%C4%9Flu
Turkey,Banvit,https://en.wikipedia.org/wiki/Banvit
Turkey,Efes Beverage Group,https://en.wikipedia.org/wiki/Efes_Beverage_Group
Turkey,Gulsan,https://en.wikipedia.org/wiki/Gulsan
Turkey,Mado,https://en.wikipedia.org/wiki/Mado_(food_company)
Turkey,TEKEL,https://en.wikipedia.org/wiki/Tekel
Turkey,Tekel Birası,https://en.wikipedia.org/wiki/Tekel_Biras%C4%B1
Turkey,Ülker,https://en.wikipedia.org/wiki/%C3%9Clker
Turkey,Yıldız Holding,https://en.wikipedia.org/wiki/Y%C4%B1ld%C4%B1z_Holding
Ukraine,Chumak,https://en.wikipedia.org/wiki/Chumak_(company)
Ukraine,Khortytsia,https://en.wikipedia.org/wiki/Khortytsia_(company)
Ukraine,Konti Group,https://en.wikipedia.org/wiki/Konti_Group
Ukraine,Kremenchukm'yaso,https://en.wikipedia.org/wiki/Kremenchukm%27yaso
Ukraine,Nemiroff,https://en.wikipedia.org/wiki/Nemiroff
Ukraine,Obolon,https://en.wikipedia.org/wiki/Obolon_(company)
Ukraine,Roshen,https://en.wikipedia.org/wiki/Roshen
Ukraine,Sandora,https://en.wikipedia.org/wiki/Sandora
Ukraine,Svitoch,https://en.wikipedia.org/wiki/Svitoch
Ukraine,Yarych Confectionery,https://en.wikipedia.org/wiki/Yarych_Confectionery
Ukraine,ZhL,https://en.wikipedia.org/wiki/ZhL
United Kingdom,2 Sisters Food Group,https://en.wikipedia.org/wiki/2_Sisters_Food_Group
United Kingdom,A. E. Rodda & Son,https://en.wikipedia.org/wiki/A._E._Rodda_%26_Son
United Kingdom,A.G. Barr,https://en.wikipedia.org/wiki/A.G._Barr
United Kingdom,A. L. Simpkin & Co. Ltd,https://en.wikipedia.org/wiki/A._L._Simpkin_%26_Co._Ltd
United Kingdom,Antonelli Bros Ltd,https://en.wikipedia.org/wiki/Antonelli_Bros_Ltd
United Kingdom,Associated British Foods,https://en.wikipedia.org/wiki/Associated_British_Foods
United Kingdom,Bakkavör,https://en.wikipedia.org/wiki/Bakkav%C3%B6r
United Kingdom,Bates Dairy,https://en.wikipedia.org/wiki/Bates_Dairy
United Kingdom,Baxters,https://en.wikipedia.org/wiki/Baxters
United Kingdom,Ben's Cookies,https://en.wikipedia.org/wiki/Ben%27s_Cookies
United Kingdom,Benugo,https://en.wikipedia.org/wiki/Benugo
United Kingdom,Bernard Matthews Ltd,https://en.wikipedia.org/wiki/Bernard_Matthews_Ltd
United Kingdom,Bompas & Parr,https://en.wikipedia.org/wiki/Bompas_%26_Parr
United Kingdom,Booker Group,https://en.wikipedia.org/wiki/Booker_Group
United Kingdom,Brace's Bakery,https://en.wikipedia.org/wiki/Brace%27s_Bakery
United Kingdom,Brains Brewery,https://en.wikipedia.org/wiki/Brains_Brewery
United Kingdom,Britvic,https://en.wikipedia.org/wiki/Britvic
United Kingdom,Burton's Biscuit Company,https://en.wikipedia.org/wiki/Burton%27s_Biscuit_Company
United Kingdom,Charbonnel et Walker,https://en.wikipedia.org/wiki/Charbonnel_et_Walker
United Kingdom,Clark's Pies,https://en.wikipedia.org/wiki/Clark%27s_Pies
United Kingdom,Co-op Food,https://en.wikipedia.org/wiki/Co-op_Food
United Kingdom,Compass Group,https://en.wikipedia.org/wiki/Compass_Group
United Kingdom,Cook Trading,https://en.wikipedia.org/wiki/Cook_Trading
United Kingdom,Cooplands,https://en.wikipedia.org/wiki/Cooplands
United Kingdom,Cranswick plc,https://en.wikipedia.org/wiki/Cranswick_plc
United Kingdom,Dairy Crest,https://en.wikipedia.org/wiki/Dairy_Crest
United Kingdom,Delamere Dairy,https://en.wikipedia.org/wiki/Delamere_Dairy
United Kingdom,Devro,https://en.wikipedia.org/wiki/Devro
United Kingdom,Dietary Foods Ltd,https://en.wikipedia.org/wiki/Dietary_Foods_Ltd
United Kingdom,Divine Chocolate,https://en.wikipedia.org/wiki/Divine_Chocolate
United Kingdom,Druckers Vienna Patisserie,https://en.wikipedia.org/wiki/Druckers_Vienna_Patisserie
United Kingdom,F. Duerr & Sons,https://en.wikipedia.org/wiki/F._Duerr_%26_Sons
United Kingdom,Fiendish Feet,https://en.wikipedia.org/wiki/Fiendish_Feet
United Kingdom,First Milk,https://en.wikipedia.org/wiki/First_Milk_(company)
United Kingdom,Fivemiletown Creamery,https://en.wikipedia.org/wiki/Fivemiletown_Creamery
United Kingdom,Fox's Confectionery,https://en.wikipedia.org/wiki/Fox%27s_Confectionery
United Kingdom,Gelato Italia,https://en.wikipedia.org/wiki/Gelato_Italia
United Kingdom,Ginsters,https://en.wikipedia.org/wiki/Ginsters
United Kingdom,Goldenfry,https://en.wikipedia.org/wiki/Goldenfry
United Kingdom,Graze,https://en.wikipedia.org/wiki/Graze_(company)
United Kingdom,Greene King,https://en.wikipedia.org/wiki/Greene_King
United Kingdom,Grodzinski Bakery,https://en.wikipedia.org/wiki/Grodzinski_Bakery
United Kingdom,Gü,https://en.wikipedia.org/wiki/G%C3%BC
United Kingdom,Higgidy,https://en.wikipedia.org/wiki/Higgidy
United Kingdom,Hope and Greenwood,https://en.wikipedia.org/wiki/Hope_and_Greenwood
United Kingdom,Hovis,https://en.wikipedia.org/wiki/Hovis
United Kingdom,HR Bradfords,https://en.wikipedia.org/wiki/HR_Bradfords
United Kingdom,Irwin's Bakery,https://en.wikipedia.org/wiki/Irwin%27s_Bakery
United Kingdom,Jordans,https://en.wikipedia.org/wiki/Jordans_(company)
United Kingdom,Konditor & Cook,https://en.wikipedia.org/wiki/Konditor_%26_Cook
United Kingdom,Lion Capital LLP,https://en.wikipedia.org/wiki/Lion_Capital_LLP
United Kingdom,Lloyd Maunder,https://en.wikipedia.org/wiki/Lloyd_Maunder
United Kingdom,Loch Duart,https://en.wikipedia.org/wiki/Loch_Duart
United Kingdom,Mackie's,https://en.wikipedia.org/wiki/Mackie%27s
United Kingdom,McCowan's,https://en.wikipedia.org/wiki/McCowan%27s
United Kingdom,Metcalfe's Food Company,https://en.wikipedia.org/wiki/Metcalfe%27s_Food_Company
United Kingdom,Michton,https://en.wikipedia.org/wiki/Michton
United Kingdom,Millie's Cookies,https://en.wikipedia.org/wiki/Millie%27s_Cookies
United Kingdom,Moo Free,https://en.wikipedia.org/wiki/Moo_Free
United Kingdom,Mornflake,https://en.wikipedia.org/wiki/Mornflake
United Kingdom,Neal's Yard Dairy,https://en.wikipedia.org/wiki/Neal%27s_Yard_Dairy
United Kingdom,Oakhouse Foods,https://en.wikipedia.org/wiki/Oakhouse_Foods
United Kingdom,Peter's Food Services,https://en.wikipedia.org/wiki/Peter%27s_Food_Services
United Kingdom,Plum Baby,https://en.wikipedia.org/wiki/Plum_Baby
United Kingdom,Pork Farms,https://en.wikipedia.org/wiki/Pork_Farms
United Kingdom,Pukka Herbs,https://en.wikipedia.org/wiki/Pukka_Herbs
United Kingdom,Pukka Pies,https://en.wikipedia.org/wiki/Pukka_Pies
United Kingdom,Premier Foods,https://en.wikipedia.org/wiki/Premier_Foods
United Kingdom,Princes Group,https://en.wikipedia.org/wiki/Princes_Group
United Kingdom,Quiggin's,https://en.wikipedia.org/wiki/Quiggin%27s
United Kingdom,R&R Ice Cream,https://en.wikipedia.org/wiki/R%26R_Ice_Cream
United Kingdom,Rakusen's,https://en.wikipedia.org/wiki/Rakusen%27s
United Kingdom,The Restaurant Group,https://en.wikipedia.org/wiki/The_Restaurant_Group
United Kingdom,Riverford,https://en.wikipedia.org/wiki/Riverford
United Kingdom,Roadchef,https://en.wikipedia.org/wiki/Roadchef
United Kingdom,Rowse Honey,https://en.wikipedia.org/wiki/Rowse_Honey
United Kingdom,SABMiller,https://en.wikipedia.org/wiki/SABMiller
United Kingdom,Sainsbury's,https://en.wikipedia.org/wiki/Sainsbury%27s
United Kingdom,Samworth Brothers,https://en.wikipedia.org/wiki/Samworth_Brothers
United Kingdom,Sayers,https://en.wikipedia.org/wiki/Sayers_(bakery)
United Kingdom,Scotty Brand Ltd,https://en.wikipedia.org/wiki/Scotty_Brand_Ltd
United Kingdom,Skinny Candy,https://en.wikipedia.org/wiki/Skinny_Candy
United Kingdom,Slimming World,https://en.wikipedia.org/wiki/Slimming_World
United Kingdom,Square Pie,https://en.wikipedia.org/wiki/Square_Pie
United Kingdom,SSP Group,https://en.wikipedia.org/wiki/SSP_Group
United Kingdom,Stoats Porridge Bars,https://en.wikipedia.org/wiki/Stoats_Porridge_Bars
United Kingdom,Swizzels Matlow,https://en.wikipedia.org/wiki/Swizzels_Matlow
United Kingdom,Tangerine Confectionery,https://en.wikipedia.org/wiki/Tangerine_Confectionery
United Kingdom,Tate & Lyle,https://en.wikipedia.org/wiki/Tate_%26_Lyle
United Kingdom,Tesco,https://en.wikipedia.org/wiki/Tesco
United Kingdom,Tunnock's,https://en.wikipedia.org/wiki/Tunnock%27s
United Kingdom,Tyrrells,https://en.wikipedia.org/wiki/Tyrrells_(crisps)
United Kingdom,Ummah Foods,https://en.wikipedia.org/wiki/Ummah_Foods
United Kingdom,Unilever,https://en.wikipedia.org/wiki/Unilever
United Kingdom,Vestey Group,https://en.wikipedia.org/wiki/Vestey_Group
United Kingdom,Waitrose,https://en.wikipedia.org/wiki/Waitrose
United Kingdom,Walkers' Nonsuch,https://en.wikipedia.org/wiki/Walkers%27_Nonsuch
United Kingdom,Walkers Shortbread,https://en.wikipedia.org/wiki/Walkers_Shortbread
United Kingdom,Warburtons,https://en.wikipedia.org/wiki/Warburtons
United Kingdom,Warrens Bakery,https://en.wikipedia.org/wiki/Warrens_Bakery
United Kingdom,Welcome Break,https://en.wikipedia.org/wiki/Welcome_Break
United Kingdom,Whitbread,https://en.wikipedia.org/wiki/Whitbread
United Kingdom,Whitby Seafoods Ltd,https://en.wikipedia.org/wiki/Whitby_Seafoods_Ltd
United Kingdom,Wilkin & Sons,https://en.wikipedia.org/wiki/Wilkin_%26_Sons
United Kingdom,William Jackson Food Group,https://en.wikipedia.org/wiki/William_Jackson_Food_Group
United Kingdom,Wrights Pies,https://en.wikipedia.org/wiki/Wrights_Pies
United Kingdom,Yeo Valley,https://en.wikipedia.org/wiki/Yeo_Valley_(company)
United States,Alvarado Street Bakery,https://en.wikipedia.org/wiki/Alvarado_Street_Bakery
United States,Arizmendi Bakery,https://en.wikipedia.org/wiki/Arizmendi_Bakery
United States,Avalon International Breads,https://en.wikipedia.org/wiki/Avalon_International_Breads
United States,Big Apple Bagels,https://en.wikipedia.org/wiki/Big_Apple_Bagels
United States,Blue Chip Cookies,https://en.wikipedia.org/wiki/Blue_Chip_Cookies
United States,Boudin Bakery,https://en.wikipedia.org/wiki/Boudin_Bakery
United States,Breadsmith,https://en.wikipedia.org/wiki/Breadsmith
United States,Carlo's Bake Shop,https://en.wikipedia.org/wiki/Carlo%27s_Bake_Shop
United States,Cavanagh Company,https://en.wikipedia.org/wiki/Cavanagh_Company
United States,The Claxton Bakery,https://en.wikipedia.org/wiki/The_Claxton_Bakery
United States,Collin Street Bakery,https://en.wikipedia.org/wiki/Collin_Street_Bakery
United States,Crumbs Bake Shop,https://en.wikipedia.org/wiki/Crumbs_Bake_Shop
United States,Flowers Foods,https://en.wikipedia.org/wiki/Flowers_Foods
United States,Great Harvest Bread Company,https://en.wikipedia.org/wiki/Great_Harvest_Bread_Company
United States,Italian Peoples Bakery,https://en.wikipedia.org/wiki/Italian_Peoples_Bakery
United States,Joy Baking Group,https://en.wikipedia.org/wiki/Joy_Baking_Group
United States,King's Hawaiian,https://en.wikipedia.org/wiki/King%27s_Hawaiian
United States,Kossar's Bialys,https://en.wikipedia.org/wiki/Kossar%27s_Bialys
United States,Levain Bakery,https://en.wikipedia.org/wiki/Levain_Bakery
United States,Liz Lovely,https://en.wikipedia.org/wiki/Liz_Lovely
United States,"Martin's Famous Pastry Shoppe, Inc.","https://en.wikipedia.org/wiki/Martin%27s_Famous_Pastry_Shoppe,_Inc."
United States,Mrs. Fields,https://en.wikipedia.org/wiki/Mrs._Fields
United States,O&H Danish Bakery,https://en.wikipedia.org/wiki/O%26H_Danish_Bakery
United States,Orwasher's bakery,https://en.wikipedia.org/wiki/Orwasher%27s_bakery
United States,Pillsbury Company,https://en.wikipedia.org/wiki/Pillsbury_Company
United States,Racine Danish Kringles,https://en.wikipedia.org/wiki/Racine_Danish_Kringles
United States,Round Rock Donuts,https://en.wikipedia.org/wiki/Round_Rock_Donuts
United States,Schmidt Baking Company,https://en.wikipedia.org/wiki/Schmidt_Baking_Company
United States,Semifreddi's Bakery,https://en.wikipedia.org/wiki/Semifreddi%27s_Bakery
United States,Sprinkles Cupcakes,https://en.wikipedia.org/wiki/Sprinkles_Cupcakes
United States,Sunbeam Bread,https://en.wikipedia.org/wiki/Sunbeam_Bread
United States,United States Bakery,https://en.wikipedia.org/wiki/United_States_Bakery
United States,Voodoo Doughnut,https://en.wikipedia.org/wiki/Voodoo_Doughnut
United States,Westminster Cracker Company,https://en.wikipedia.org/wiki/Westminster_Cracker_Company
United States,The Andersons,https://en.wikipedia.org/wiki/The_Andersons
United States,Archer Daniels Midland,https://en.wikipedia.org/wiki/Archer_Daniels_Midland
United States,Bob's Red Mill,https://en.wikipedia.org/wiki/Bob%27s_Red_Mill
United States,Bunge Limited,https://en.wikipedia.org/wiki/Bunge_Limited
United States,Cargill,https://en.wikipedia.org/wiki/Cargill
United States,CHS Inc.,https://en.wikipedia.org/wiki/CHS_Inc.
United States,ContiGroup Companies,https://en.wikipedia.org/wiki/ContiGroup_Companies
United States,Fuji Food,https://en.wikipedia.org/wiki/Fuji_Food
United States,Gavilon,https://en.wikipedia.org/wiki/Gavilon
United States,Kellogg's,https://en.wikipedia.org/wiki/Kellogg%27s
United States,King Arthur Flour,https://en.wikipedia.org/wiki/King_Arthur_Flour
United States,"Kuli Kuli, Inc.","https://en.wikipedia.org/wiki/Kuli_Kuli,_Inc."
United States,The Leavitt Corporation,https://en.wikipedia.org/wiki/The_Leavitt_Corporation
United States,Little Crow Foods,https://en.wikipedia.org/wiki/Little_Crow_Foods
United States,Love Grown Foods,https://en.wikipedia.org/wiki/Love_Grown_Foods
United States,Magnolia Bakery,https://en.wikipedia.org/wiki/Magnolia_Bakery
United States,MFA Incorporated,https://en.wikipedia.org/wiki/MFA_Incorporated
United States,Peanut Butter & Co.,https://en.wikipedia.org/wiki/Peanut_Butter_%26_Co.
United States,POET,https://en.wikipedia.org/wiki/POET
United States,Riceland Foods,https://en.wikipedia.org/wiki/Riceland_Foods
United States,Two Degrees Food,https://en.wikipedia.org/wiki/Two_Degrees_Food
United States,U.S. Mills,https://en.wikipedia.org/wiki/U.S._Mills
United States,United Cooperative,https://en.wikipedia.org/wiki/United_Cooperative
United States,Amano Artisan Chocolate,https://en.wikipedia.org/wiki/Amano_Artisan_Chocolate
United States,American Licorice Company,https://en.wikipedia.org/wiki/American_Licorice_Company
United States,Annabelle Candy Company,https://en.wikipedia.org/wiki/Annabelle_Candy_Company
United States,Askinosie Chocolate,https://en.wikipedia.org/wiki/Askinosie_Chocolate
United States,Boyer Brothers,https://en.wikipedia.org/wiki/Boyer_Brothers
United States,Brach's,https://en.wikipedia.org/wiki/Brach%27s
United States,Brown and Haley,https://en.wikipedia.org/wiki/Brown_and_Haley
United States,Carolina Foods,https://en.wikipedia.org/wiki/Carolina_Foods
United States,Chagrin Falls Popcorn Shop,https://en.wikipedia.org/wiki/Chagrin_Falls_Popcorn_Shop
United States,Chocolove,https://en.wikipedia.org/wiki/Chocolove
United States,Dagoba Chocolate,https://en.wikipedia.org/wiki/Dagoba_Chocolate
United States,Dan's Chocolates,https://en.wikipedia.org/wiki/Dan%27s_Chocolates
United States,Dylan's Candy Bar,https://en.wikipedia.org/wiki/Dylan%27s_Candy_Bar
United States,Friesinger's Candies,https://en.wikipedia.org/wiki/Friesinger%27s_Candies
United States,Georgetown Cupcake,https://en.wikipedia.org/wiki/Georgetown_Cupcake
United States,Gertrude Hawk Chocolates,https://en.wikipedia.org/wiki/Gertrude_Hawk_Chocolates
United States,Giambri's Quality Sweets,https://en.wikipedia.org/wiki/Giambri%27s_Quality_Sweets
United States,Goetze's Candy Company,https://en.wikipedia.org/wiki/Goetze%27s_Candy_Company
United States,Guittard Chocolate Company,https://en.wikipedia.org/wiki/Guittard_Chocolate_Company
United States,The Hershey Company,https://en.wikipedia.org/wiki/The_Hershey_Company
United States,Idaho Candy Company,https://en.wikipedia.org/wiki/Idaho_Candy_Company
United States,Impact Confections,https://en.wikipedia.org/wiki/Impact_Confections
United States,Jelly Belly,https://en.wikipedia.org/wiki/Jelly_Belly
United States,Joyva,https://en.wikipedia.org/wiki/Joyva
United States,Just Born,https://en.wikipedia.org/wiki/Just_Born
United States,Marich Confectionery,https://en.wikipedia.org/wiki/Marich_Confectionery
United States,"Mars, Incorporated","https://en.wikipedia.org/wiki/Mars,_Incorporated"
United States,Mast Brothers,https://en.wikipedia.org/wiki/Mast_Brothers
United States,Mondelez International,https://en.wikipedia.org/wiki/Mondelez_International
United States,Reed's Candy,https://en.wikipedia.org/wiki/Reed%27s_Candy
United States,Rocky Mountain Chocolate Factory,https://en.wikipedia.org/wiki/Rocky_Mountain_Chocolate_Factory
United States,Sanders Confectionery,https://en.wikipedia.org/wiki/Sanders_Confectionery
United States,Sarris Candies,https://en.wikipedia.org/wiki/Sarris_Candies
United States,Scharffen Berger Chocolate Maker,https://en.wikipedia.org/wiki/Scharffen_Berger_Chocolate_Maker
United States,Schimpff's Confectionery,https://en.wikipedia.org/wiki/Schimpff%27s_Confectionery
United States,See's Candies,https://en.wikipedia.org/wiki/See%27s_Candies
United States,Smarties Candy Company,https://en.wikipedia.org/wiki/Smarties_Candy_Company
United States,Spangler Candy Company,https://en.wikipedia.org/wiki/Spangler_Candy_Company
United States,Taza Chocolate,https://en.wikipedia.org/wiki/Taza_Chocolate
United States,TCHO,https://en.wikipedia.org/wiki/TCHO
United States,Unreal Brands,https://en.wikipedia.org/wiki/Unreal_Brands
United States,The Warrell Corporation,https://en.wikipedia.org/wiki/The_Warrell_Corporation
United States,Whetstone Chocolates,https://en.wikipedia.org/wiki/Whetstone_Chocolates
United States,Whitman's,https://en.wikipedia.org/wiki/Whitman%27s
United States,All American Foods,https://en.wikipedia.org/wiki/All_American_Foods
United States,Alpenrose Dairy,https://en.wikipedia.org/wiki/Alpenrose_Dairy
United States,Aurora Organic Dairy,https://en.wikipedia.org/wiki/Aurora_Organic_Dairy
United States,BelGioioso Cheese,https://en.wikipedia.org/wiki/BelGioioso_Cheese
United States,Bittersweet Plantation Dairy,https://en.wikipedia.org/wiki/Bittersweet_Plantation_Dairy
United States,Blue Bell Creameries,https://en.wikipedia.org/wiki/Blue_Bell_Creameries
United States,Brewster Dairy,https://en.wikipedia.org/wiki/Brewster_Dairy
United States,Byrne Dairy,https://en.wikipedia.org/wiki/Byrne_Dairy
United States,Cabot Creamery,https://en.wikipedia.org/wiki/Cabot_Creamery
United States,Cal-Maine,https://en.wikipedia.org/wiki/Cal-Maine
United States,Cass-Clay,https://en.wikipedia.org/wiki/Cass-Clay
United States,Chaseholm Farm Creamery,https://en.wikipedia.org/wiki/Chaseholm_Farm_Creamery
United States,Clover Stornetta Farms,https://en.wikipedia.org/wiki/Clover_Stornetta_Farms
United States,Cowgirl Creamery,https://en.wikipedia.org/wiki/Cowgirl_Creamery
United States,Crystal Creamery,https://en.wikipedia.org/wiki/Crystal_Creamery
United States,Cypress Point Creamery,https://en.wikipedia.org/wiki/Cypress_Point_Creamery
United States,Dairy Farmers of America,https://en.wikipedia.org/wiki/Dairy_Farmers_of_America
United States,Darigold,https://en.wikipedia.org/wiki/Darigold
United States,DCI Cheese Company,https://en.wikipedia.org/wiki/DCI_Cheese_Company
United States,Dean Foods,https://en.wikipedia.org/wiki/Dean_Foods
United States,Ellsworth Cooperative Creamery,https://en.wikipedia.org/wiki/Ellsworth_Cooperative_Creamery
United States,Galliker's,https://en.wikipedia.org/wiki/Galliker%27s
United States,Gossner Foods,https://en.wikipedia.org/wiki/Gossner_Foods
United States,Grafton Village Cheese Company,https://en.wikipedia.org/wiki/Grafton_Village_Cheese_Company
United States,Happy Cow Creamery,https://en.wikipedia.org/wiki/Happy_Cow_Creamery
United States,Hershey Creamery Company,https://en.wikipedia.org/wiki/Hershey_Creamery_Company
United States,Hilmar Cheese Company,https://en.wikipedia.org/wiki/Hilmar_Cheese_Company
United States,Horizon Organic,https://en.wikipedia.org/wiki/Horizon_Organic
United States,HP Hood,https://en.wikipedia.org/wiki/HP_Hood
United States,Joseph Gallo Farms,https://en.wikipedia.org/wiki/Joseph_Gallo_Farms
United States,Junket,https://en.wikipedia.org/wiki/Junket_(company)
United States,Land O'Lakes,https://en.wikipedia.org/wiki/Land_O%27Lakes
United States,Leprino Foods,https://en.wikipedia.org/wiki/Leprino_Foods
United States,Lifeway Foods,https://en.wikipedia.org/wiki/Lifeway_Foods
United States,Marin French Cheese Company,https://en.wikipedia.org/wiki/Marin_French_Cheese_Company
United States,Maytag Dairy Farms,https://en.wikipedia.org/wiki/Maytag_Dairy_Farms
United States,Murray's Cheese,https://en.wikipedia.org/wiki/Murray%27s_Cheese
United States,Nature's Harmony Farm,https://en.wikipedia.org/wiki/Nature%27s_Harmony_Farm
United States,Organic Valley,https://en.wikipedia.org/wiki/Organic_Valley
United States,Penn State University Creamery,https://en.wikipedia.org/wiki/Penn_State_University_Creamery
United States,Pierre's Ice Cream Company,https://en.wikipedia.org/wiki/Pierre%27s_Ice_Cream_Company
United States,Point Reyes Farmstead Cheese Company,https://en.wikipedia.org/wiki/Point_Reyes_Farmstead_Cheese_Company
United States,Prairie Farms Dairy,https://en.wikipedia.org/wiki/Prairie_Farms_Dairy
United States,Rogue Creamery,https://en.wikipedia.org/wiki/Rogue_Creamery
United States,Sargento,https://en.wikipedia.org/wiki/Sargento
United States,Schoep's Ice Cream,https://en.wikipedia.org/wiki/Schoep%27s_Ice_Cream
United States,Schreiber Foods,https://en.wikipedia.org/wiki/Schreiber_Foods
United States,Shamrock Farms,https://en.wikipedia.org/wiki/Shamrock_Farms
United States,Siggi's Dairy,https://en.wikipedia.org/wiki/Siggi%27s_Dairy
United States,Smiling Hill Farm,https://en.wikipedia.org/wiki/Smiling_Hill_Farm
United States,SmithFoods,https://en.wikipedia.org/wiki/SmithFoods
United States,Straus Family Creamery,https://en.wikipedia.org/wiki/Straus_Family_Creamery
United States,Sunshine Dairy,https://en.wikipedia.org/wiki/Sunshine_Dairy
United States,Sweet Grass Dairy,https://en.wikipedia.org/wiki/Sweet_Grass_Dairy
United States,Tillamook County Creamery Association,https://en.wikipedia.org/wiki/Tillamook_County_Creamery_Association
United States,United Dairy Farmers,https://en.wikipedia.org/wiki/United_Dairy_Farmers
United States,Vermont Creamery,https://en.wikipedia.org/wiki/Vermont_Creamery
United States,Wainwright Dairy,https://en.wikipedia.org/wiki/Wainwright_Dairy
United States,Winchester Cheese Company,https://en.wikipedia.org/wiki/Winchester_Cheese_Company
United States,Winder Farms,https://en.wikipedia.org/wiki/Winder_Farms
United States,Wisconsin Cheeseman,https://en.wikipedia.org/wiki/Wisconsin_Cheeseman
United States,Yancey's Fancy,https://en.wikipedia.org/wiki/Yancey%27s_Fancy
United States,Yarnell Ice Cream Co.,https://en.wikipedia.org/wiki/Yarnell_Ice_Cream_Co.
United States,Brown-Forman,https://en.wikipedia.org/wiki/Brown-Forman
United States,Monarch Beverage Company,https://en.wikipedia.org/wiki/Monarch_Beverage_Company
United States,Zevia,https://en.wikipedia.org/wiki/Zevia
United States,Albertsons,https://en.wikipedia.org/wiki/Albertsons
United States,Dollar General,https://en.wikipedia.org/wiki/Dollar_General
United States,Dollar Tree,https://en.wikipedia.org/wiki/Dollar_Tree
United States,Food Lion,https://en.wikipedia.org/wiki/Food_Lion
United States,The Giant Company,https://en.wikipedia.org/wiki/The_Giant_Company
United States,The Home Depot,https://en.wikipedia.org/wiki/The_Home_Depot
United States,Kroger,https://en.wikipedia.org/wiki/Kroger
United States,Lowe's,https://en.wikipedia.org/wiki/Lowe%27s
United States,"Macy's, Inc.","https://en.wikipedia.org/wiki/Macy%27s,_Inc."
United States,Publix,https://en.wikipedia.org/wiki/Publix
United States,Reyes Holdings,https://en.wikipedia.org/wiki/Reyes_Holdings
United States,Saladino's Inc,https://en.wikipedia.org/wiki/Saladino%27s_Inc
United States,SuperValu,https://en.wikipedia.org/wiki/SuperValu_(United_States)
United States,Target Corporation,https://en.wikipedia.org/wiki/Target_Corporation
United States,Walgreens Boots Alliance,https://en.wikipedia.org/wiki/Walgreens_Boots_Alliance
United States,Walmart,https://en.wikipedia.org/wiki/Walmart
United States,Winn Dixie,https://en.wikipedia.org/wiki/Winn_Dixie
United States,Bruce Foods,https://en.wikipedia.org/wiki/Bruce_Foods
United States,Catterton Partners,https://en.wikipedia.org/wiki/Catterton_Partners
United States,Cherrybrook Kitchen,https://en.wikipedia.org/wiki/Cherrybrook_Kitchen
United States,Colavita,https://en.wikipedia.org/wiki/Colavita
United States,Cuisine Solutions,https://en.wikipedia.org/wiki/Cuisine_Solutions
United States,Deep Foods,https://en.wikipedia.org/wiki/Deep_Foods
United States,Eden Foods Inc.,https://en.wikipedia.org/wiki/Eden_Foods_Inc.
United States,General Mills,https://en.wikipedia.org/wiki/General_Mills
United States,Goya Foods,https://en.wikipedia.org/wiki/Goya_Foods
United States,Hormel Foods,https://en.wikipedia.org/wiki/Hormel_Foods
United States,Ingredion,https://en.wikipedia.org/wiki/Ingredion
United States,Isaly's,https://en.wikipedia.org/wiki/Isaly%27s
United States,Kraft Heinz,https://en.wikipedia.org/wiki/Kraft_Heinz
United States,Krinos Foods,https://en.wikipedia.org/wiki/Krinos_Foods
United States,Kronos Foods,https://en.wikipedia.org/wiki/Kronos_Foods
United States,La Loma Foods,https://en.wikipedia.org/wiki/La_Loma_Foods
United States,Luck's Incorporated,https://en.wikipedia.org/wiki/Luck%27s_Incorporated
United States,Manischewitz,https://en.wikipedia.org/wiki/Manischewitz
United States,Newman's Own,https://en.wikipedia.org/wiki/Newman%27s_Own
United States,"Rhee Bros., Inc.","https://en.wikipedia.org/wiki/Rhee_Bros.,_Inc."
United States,Richelieu Foods,https://en.wikipedia.org/wiki/Richelieu_Foods
United States,Rosa Food,https://en.wikipedia.org/wiki/Rosa_Food
United States,Sclafani Foods,https://en.wikipedia.org/wiki/Sclafani_Foods
United States,Seneca Foods,https://en.wikipedia.org/wiki/Seneca_Foods
United States,Streit's,https://en.wikipedia.org/wiki/Streit%27s
United States,Tabatchnick,https://en.wikipedia.org/wiki/Tabatchnick
United States,Bellisio Foods,https://en.wikipedia.org/wiki/Bellisio_Foods
United States,Captain Ken's Foods,https://en.wikipedia.org/wiki/Captain_Ken%27s_Foods
United States,Edwards Baking,https://en.wikipedia.org/wiki/Edwards_Baking
United States,Fred's Frozen Foods,https://en.wikipedia.org/wiki/Fred%27s_Frozen_Foods
United States,Mrs. T's Pierogies,https://en.wikipedia.org/wiki/Mrs._T%27s_Pierogies
United States,Pero Family Farms Food Company,https://en.wikipedia.org/wiki/Pero_Family_Farms_Food_Company
United States,Reser's Fine Foods,https://en.wikipedia.org/wiki/Reser%27s_Fine_Foods
United States,Rhino Foods,https://en.wikipedia.org/wiki/Rhino_Foods
United States,Rich Products,https://en.wikipedia.org/wiki/Rich_Products
United States,Ruiz Foods,https://en.wikipedia.org/wiki/Ruiz_Foods
United States,Schwan Food Company,https://en.wikipedia.org/wiki/Schwan_Food_Company
United States,Tyson Foods,https://en.wikipedia.org/wiki/Tyson_Foods
United States,The Bauman Family,https://en.wikipedia.org/wiki/The_Bauman_Family
United States,Blue Diamond Growers,https://en.wikipedia.org/wiki/Blue_Diamond_Growers
United States,Buddy Fruits,https://en.wikipedia.org/wiki/Buddy_Fruits
United States,Calavo Growers,https://en.wikipedia.org/wiki/Calavo_Growers
United States,Del Monte Foods,https://en.wikipedia.org/wiki/Del_Monte_Foods
United States,Dole Food Company,https://en.wikipedia.org/wiki/Dole_Food_Company
United States,Driscoll's,https://en.wikipedia.org/wiki/Driscoll%27s
United States,Franklin Baker Company,https://en.wikipedia.org/wiki/Franklin_Baker_Company
United States,Fresh Del Monte Produce,https://en.wikipedia.org/wiki/Fresh_Del_Monte_Produce
United States,Frieda's Inc.,https://en.wikipedia.org/wiki/Frieda%27s_Inc.
United States,Hollandia Produce,https://en.wikipedia.org/wiki/Hollandia_Produce
United States,Limoneira,https://en.wikipedia.org/wiki/Limoneira
United States,Maui Pineapple Company,https://en.wikipedia.org/wiki/Maui_Pineapple_Company
United States,The Morning Star Company,https://en.wikipedia.org/wiki/The_Morning_Star_Company
United States,Ocean Spray,https://en.wikipedia.org/wiki/Ocean_Spray_(cooperative)
United States,Organically Grown Company,https://en.wikipedia.org/wiki/Organically_Grown_Company_(Oregon)
United States,Simple and Crisp,https://en.wikipedia.org/wiki/Simple_and_Crisp
United States,"Sunkist Growers, Incorporated","https://en.wikipedia.org/wiki/Sunkist_Growers,_Incorporated"
United States,Taylor Farms,https://en.wikipedia.org/wiki/Taylor_Farms
United States,Turbana,https://en.wikipedia.org/wiki/Turbana_(company)
United States,Wish Farms,https://en.wikipedia.org/wiki/Wish_Farms
United States,Boar's Head Provision Company,https://en.wikipedia.org/wiki/Boar%27s_Head_Provision_Company
United States,Burgers' Smokehouse,https://en.wikipedia.org/wiki/Burgers%27_Smokehouse
United States,Columbus Salame,https://en.wikipedia.org/wiki/Columbus_Salame
United States,Dakota Beef,https://en.wikipedia.org/wiki/Dakota_Beef
United States,"Daniele, Inc.","https://en.wikipedia.org/wiki/Daniele,_Inc."
United States,D'Artagnan,https://en.wikipedia.org/wiki/D%27Artagnan_(food_company)
United States,Dietz & Watson,https://en.wikipedia.org/wiki/Dietz_%26_Watson
United States,Empire Kosher,https://en.wikipedia.org/wiki/Empire_Kosher
United States,Foster Farms,https://en.wikipedia.org/wiki/Foster_Farms
United States,Hatfield Quality Meats,https://en.wikipedia.org/wiki/Hatfield_Quality_Meats
United States,Heritage Foods USA,https://en.wikipedia.org/wiki/Heritage_Foods_USA
United States,Kansas City Steak Company,https://en.wikipedia.org/wiki/Kansas_City_Steak_Company
United States,Kiolbassa Sausage,https://en.wikipedia.org/wiki/Kiolbassa_Sausage
United States,Koch Foods,https://en.wikipedia.org/wiki/Koch_Foods
United States,Koegel Meat Company,https://en.wikipedia.org/wiki/Koegel_Meat_Company
United States,Lobel's of New York,https://en.wikipedia.org/wiki/Lobel%27s_of_New_York
United States,"Marathon Enterprises, Inc.","https://en.wikipedia.org/wiki/Marathon_Enterprises,_Inc."
United States,Molinari's,https://en.wikipedia.org/wiki/Molinari%27s
United States,National Beef Packing Company,https://en.wikipedia.org/wiki/National_Beef_Packing_Company
United States,Niman Ranch,https://en.wikipedia.org/wiki/Niman_Ranch
United States,Norbest,https://en.wikipedia.org/wiki/Norbest
United States,Nueske's Applewood Smoked Meats,https://en.wikipedia.org/wiki/Nueske%27s_Applewood_Smoked_Meats
United States,Omaha Steaks,https://en.wikipedia.org/wiki/Omaha_Steaks
United States,Parker House Sausage Company,https://en.wikipedia.org/wiki/Parker_House_Sausage_Company
United States,Pat LaFrieda Meat Purveyors,https://en.wikipedia.org/wiki/Pat_LaFrieda_Meat_Purveyors
United States,Perdue Farms,https://en.wikipedia.org/wiki/Perdue_Farms
United States,Plumrose USA,https://en.wikipedia.org/wiki/Plumrose_USA
United States,Robertson's Hams,https://en.wikipedia.org/wiki/Robertson%27s_Hams
United States,Tallgrass Beef Company,https://en.wikipedia.org/wiki/Tallgrass_Beef_Company
United States,Usinger's,https://en.wikipedia.org/wiki/Usinger%27s
United States,Zacky Farms,https://en.wikipedia.org/wiki/Zacky_Farms
United States,Chipotle Mexican Grill,https://en.wikipedia.org/wiki/Chipotle_Mexican_Grill
United States,Domino's Pizza,https://en.wikipedia.org/wiki/Domino%27s_Pizza
United States,McDonald's,https://en.wikipedia.org/wiki/McDonald%27s
United States,Starbucks,https://en.wikipedia.org/wiki/Starbucks
United States,The Wendy's Company,https://en.wikipedia.org/wiki/The_Wendy%27s_Company
United States,Yum! Brands,https://en.wikipedia.org/wiki/Yum!_Brands
United States,Axium Foods,https://en.wikipedia.org/wiki/Axium_Foods
United States,Blair's Sauces and Snacks,https://en.wikipedia.org/wiki/Blair%27s_Sauces_and_Snacks
United States,Casa Sanchez Foods,https://en.wikipedia.org/wiki/Casa_Sanchez_Foods
United States,Charles Chips,https://en.wikipedia.org/wiki/Charles_Chips
United States,Elmer's Fine Foods,https://en.wikipedia.org/wiki/Elmer%27s_Fine_Foods
United States,Golden Flake,https://en.wikipedia.org/wiki/Golden_Flake
United States,Hain Celestial Group,https://en.wikipedia.org/wiki/Hain_Celestial_Group
United States,J & J Snack Foods,https://en.wikipedia.org/wiki/J_%26_J_Snack_Foods
United States,Jel Sert,https://en.wikipedia.org/wiki/Jel_Sert
United States,Martin's Potato Chips,https://en.wikipedia.org/wiki/Martin%27s_Potato_Chips
United States,McCormick & Company,https://en.wikipedia.org/wiki/McCormick_%26_Company
United States,McKee Foods,https://en.wikipedia.org/wiki/McKee_Foods
United States,Mike-sell's,https://en.wikipedia.org/wiki/Mike-sell%27s
United States,Mrs. Fisher's,https://en.wikipedia.org/wiki/Mrs._Fisher%27s
United States,Oberto Sausage Company,https://en.wikipedia.org/wiki/Oberto_Sausage_Company
United States,Old Dutch Foods,https://en.wikipedia.org/wiki/Old_Dutch_Foods
United States,Robert's American Gourmet Food,https://en.wikipedia.org/wiki/Robert%27s_American_Gourmet_Food
United States,Rudolph Foods,https://en.wikipedia.org/wiki/Rudolph_Foods
United States,Shearer's Foods,https://en.wikipedia.org/wiki/Shearer%27s_Foods
United States,Snak King,https://en.wikipedia.org/wiki/Snak_King
United States,Snyder's-Lance,https://en.wikipedia.org/wiki/Snyder%27s-Lance
United States,Thanasi Foods,https://en.wikipedia.org/wiki/Thanasi_Foods
United States,Utz Quality Foods,https://en.wikipedia.org/wiki/Utz_Quality_Foods
United States,Wise Foods,https://en.wikipedia.org/wiki/Wise_Foods
United States,Wyandot Snacks,https://en.wikipedia.org/wiki/Wyandot_Snacks
United States,Badia Spices,https://en.wikipedia.org/wiki/Badia_Spices
United States,Basic Food Flavors,https://en.wikipedia.org/wiki/Basic_Food_Flavors
United States,Crystal Hot Sauce,https://en.wikipedia.org/wiki/Crystal_Hot_Sauce
United States,Dave's Gourmet,https://en.wikipedia.org/wiki/Dave%27s_Gourmet
United States,Dog-Gone Sauce,https://en.wikipedia.org/wiki/Dog-Gone_Sauce
United States,Frank's RedHot,https://en.wikipedia.org/wiki/Frank%27s_RedHot
United States,French's,https://en.wikipedia.org/wiki/French%27s
United States,Frontier Natural Products Co-op,https://en.wikipedia.org/wiki/Frontier_Natural_Products_Co-op
United States,Gold Pure Food Products Co.,https://en.wikipedia.org/wiki/Gold_Pure_Food_Products_Co.
United States,Herlocher Foods,https://en.wikipedia.org/wiki/Herlocher_Foods
United States,Huy Fong Foods,https://en.wikipedia.org/wiki/Huy_Fong_Foods
United States,J&D's Down Home Enterprises,https://en.wikipedia.org/wiki/J%26D%27s_Down_Home_Enterprises
United States,The J.M. Smucker Company,https://en.wikipedia.org/wiki/The_J.M._Smucker_Company
United States,Mezzetta,https://en.wikipedia.org/wiki/Mezzetta
United States,Mrs. Cubbison's Foods,https://en.wikipedia.org/wiki/Mrs._Cubbison%27s_Foods
United States,Mt. Olive Pickle Company,https://en.wikipedia.org/wiki/Mt._Olive_Pickle_Company
United States,Odell's,https://en.wikipedia.org/wiki/Odell%27s
United States,Plochman's,https://en.wikipedia.org/wiki/Plochman%27s
United States,"Pompeian, Inc.","https://en.wikipedia.org/wiki/Pompeian,_Inc."
United States,Pure Indian Foods,https://en.wikipedia.org/wiki/Pure_Indian_Foods
United States,Reily Foods Company,https://en.wikipedia.org/wiki/Reily_Foods_Company
United States,Silver Spring Foods,https://en.wikipedia.org/wiki/Silver_Spring_Foods
United States,Solo Foods,https://en.wikipedia.org/wiki/Solo_Foods
United States,Tabasco sauce,https://en.wikipedia.org/wiki/Tabasco_sauce
United States,Tapatío hot sauce,https://en.wikipedia.org/wiki/Tapat%C3%ADo_hot_sauce
United States,Texas Pete,https://en.wikipedia.org/wiki/Texas_Pete
United States,Urban Accents,https://en.wikipedia.org/wiki/Urban_Accents
United States,Wickles,https://en.wikipedia.org/wiki/Wickles
United States,Wing-Time,https://en.wikipedia.org/wiki/Wing-Time
United States,Amalgamated Sugar Company,https://en.wikipedia.org/wiki/Amalgamated_Sugar_Company
United States,American Crystal Sugar Company,https://en.wikipedia.org/wiki/American_Crystal_Sugar_Company
United States,American Sugar Refining,https://en.wikipedia.org/wiki/American_Sugar_Refining
United States,Michigan Sugar,https://en.wikipedia.org/wiki/Michigan_Sugar
United States,Seaboard Corporation,https://en.wikipedia.org/wiki/Seaboard_Corporation
United States,Spreckels Sugar Company,https://en.wikipedia.org/wiki/Spreckels_Sugar_Company
United States,US Sugar Corporation,https://en.wikipedia.org/wiki/US_Sugar_Corporation
United States,Western Sugar Cooperative,https://en.wikipedia.org/wiki/Western_Sugar_Cooperative
United States,Campbell Soup Company,https://en.wikipedia.org/wiki/Campbell_Soup_Company
United States,The Coca-Cola Company,https://en.wikipedia.org/wiki/The_Coca-Cola_Company
United States,Conagra Brands,https://en.wikipedia.org/wiki/Conagra_Brands
United States,Dairy Queen,https://en.wikipedia.org/wiki/Dairy_Queen
United States,Domino's,https://en.wikipedia.org/wiki/Domino%27s
United States,Dunkin' Donuts,https://en.wikipedia.org/wiki/Dunkin%27_Donuts
United States,Inspire Brands,https://en.wikipedia.org/wiki/Inspire_Brands
United States,Keurig Dr Pepper,https://en.wikipedia.org/wiki/Keurig_Dr_Pepper
United States,Krispy Kreme,https://en.wikipedia.org/wiki/Krispy_Kreme
United States,PepsiCo,https://en.wikipedia.org/wiki/PepsiCo
United States,Post Holdings,https://en.wikipedia.org/wiki/Post_Holdings
United States,Subway,https://en.wikipedia.org/wiki/Subway_(restaurant)
Venezuela,Alimentos La Giralda,https://en.wikipedia.org/wiki/Alimentos_La_Giralda
Venezuela,Chocolates El Rey,https://en.wikipedia.org/wiki/Chocolates_El_Rey
Venezuela,Empresas Polar,https://en.wikipedia.org/wiki/Empresas_Polar
Vietnam,An Giang Coffee,https://en.wikipedia.org/wiki/An_Giang_Coffee
Vietnam,Bien Hoa Sugar,https://en.wikipedia.org/wiki/Bien_Hoa_Sugar
Vietnam,Cuulong Fish,https://en.wikipedia.org/wiki/Cuulong_Fish
Vietnam,Habeco (Hanoi Beer),https://en.wikipedia.org/wiki/Habeco
Vietnam,Hai Ha Confectionery,https://en.wikipedia.org/wiki/Hai_Ha_Confectionery
Vietnam,Hanoimilk,https://en.wikipedia.org/wiki/Hanoimilk
Vietnam,Highlands Coffee,https://en.wikipedia.org/wiki/Highlands_Coffee
Vietnam,Huda Beer,https://en.wikipedia.org/wiki/Huda_Beer
Vietnam,Hue Beer,https://en.wikipedia.org/wiki/Hue_Beer
Vietnam,Kinh Do Corporation,https://en.wikipedia.org/wiki/Kinh_Do_Corporation
Vietnam,Sabeco (Saigon Beer),https://en.wikipedia.org/wiki/Sabeco_(brewery)
Vietnam,Trung Nguyên,https://en.wikipedia.org/wiki/Trung_Nguy%C3%AAn
Vietnam,Vinacafe,https://en.wikipedia.org/wiki/Vinacafe
Vietnam,Vinamilk,https://en.wikipedia.org/wiki/Vinamilk
